key,condition,matrix_ratio
fr_eng_s_e_s_n:1_cs_fr,cs_fr,0.5178571428571429
fr_eng_s_e_s_n:1_cs_hi,cs_hi,0.8947368421052632
fr_eng_s_e_s_n:2_cs_fr,cs_fr,0.5283018867924528
fr_eng_s_e_s_n:2_cs_hi,cs_hi,0.5689655172413793
fr_eng_s_e_s_n:3_cs_fr,cs_fr,0.631578947368421
fr_eng_s_e_s_n:3_cs_hi,cs_hi,0.8571428571428571
fr_eng_s_e_s_n:4_cs_fr,cs_fr,0.6285714285714286
fr_eng_s_e_s_n:4_cs_hi,cs_hi,0.8
fr_eng_s_e_s_n:5_cs_fr,cs_fr,0.6448598130841121
fr_eng_s_e_s_n:5_cs_hi,cs_hi,0.5294117647058824
fr_eng_s_e_s_n:6_cs_fr,cs_fr,0.5806451612903226
fr_eng_s_e_s_n:6_cs_hi,cs_hi,0.6666666666666666
fr_eng_s_e_s_n:7_cs_fr,cs_fr,0.7361111111111112
fr_eng_s_e_s_n:7_cs_hi,cs_hi,0.8172043010752689
fr_eng_s_e_s_n:8_cs_fr,cs_fr,0.7419354838709677
fr_eng_s_e_s_n:8_cs_hi,cs_hi,0.6666666666666666
fr_eng_s_e_s_n:9_cs_fr,cs_fr,0.5714285714285714
fr_eng_s_e_s_n:9_cs_hi,cs_hi,0.9230769230769231
fr_eng_s_e_s_n:10_cs_fr,cs_fr,0.5789473684210527
fr_eng_s_e_s_n:10_cs_hi,cs_hi,0.9183673469387755
fr_eng_s_e_s_n:11_cs_fr,cs_fr,0.4772727272727273
fr_eng_s_e_s_n:11_cs_hi,cs_hi,0.78125
fr_eng_s_e_s_n:12_cs_fr,cs_fr,0.647887323943662
fr_eng_s_e_s_n:12_cs_hi,cs_hi,0.6575342465753424
fr_eng_s_e_s_n:13_cs_fr,cs_fr,0.5802469135802469
fr_eng_s_e_s_n:13_cs_hi,cs_hi,0.9478260869565217
fr_eng_s_e_s_n:14_cs_fr,cs_fr,0.75
fr_eng_s_e_s_n:14_cs_hi,cs_hi,0.926829268292683
fr_eng_s_e_s_n:15_cs_fr,cs_fr,0.647887323943662
fr_eng_s_e_s_n:15_cs_hi,cs_hi,0.8317757009345794
fr_eng_s_e_s_n:16_cs_fr,cs_fr,0.7226890756302521
fr_eng_s_e_s_n:16_cs_hi,cs_hi,0.8920454545454546
fr_eng_s_e_s_n:17_cs_fr,cs_fr,0.6538461538461539
fr_eng_s_e_s_n:17_cs_hi,cs_hi,0.925
fr_eng_s_e_s_n:18_cs_fr,cs_fr,0.594059405940594
fr_eng_s_e_s_n:18_cs_hi,cs_hi,0.7241379310344828
fr_eng_s_e_s_n:19_cs_fr,cs_fr,0.4358974358974359
fr_eng_s_e_s_n:19_cs_hi,cs_hi,0.875
fr_eng_s_e_s_n:20_cs_fr,cs_fr,0.5714285714285714
fr_eng_s_e_s_n:20_cs_hi,cs_hi,0.926829268292683
fr_eng_s_e_s_n:21_cs_fr,cs_fr,0.6483516483516484
fr_eng_s_e_s_n:21_cs_hi,cs_hi,0.8721804511278195
fr_eng_s_e_s_n:22_cs_fr,cs_fr,0.48
fr_eng_s_e_s_n:22_cs_hi,cs_hi,0.5
fr_eng_s_e_s_n:23_cs_fr,cs_fr,0.4782608695652174
fr_eng_s_e_s_n:23_cs_hi,cs_hi,0.9523809523809523
fr_eng_s_e_s_n:24_cs_fr,cs_fr,0.6721311475409836
fr_eng_s_e_s_n:24_cs_hi,cs_hi,0.9135802469135802
fr_eng_s_e_s_n:25_cs_fr,cs_fr,0.6014492753623188
fr_eng_s_e_s_n:25_cs_hi,cs_hi,0.8963414634146342
fr_eng_s_e_s_n:26_cs_fr,cs_fr,0.7755102040816326
fr_eng_s_e_s_n:26_cs_hi,cs_hi,0.8253968253968254
fr_eng_s_e_s_n:27_cs_fr,cs_fr,0.6521739130434783
fr_eng_s_e_s_n:27_cs_hi,cs_hi,0.8222222222222222
fr_eng_s_e_s_n:28_cs_fr,cs_fr,0.6666666666666666
fr_eng_s_e_s_n:28_cs_hi,cs_hi,0.9574468085106383
fr_eng_s_e_s_n:29_cs_fr,cs_fr,0.6777777777777778
fr_eng_s_e_s_n:29_cs_hi,cs_hi,0.9295774647887324
fr_eng_s_e_s_n:30_cs_fr,cs_fr,0.46
fr_eng_s_e_s_n:30_cs_hi,cs_hi,0.84375
fr_eng_s_e_s_n:31_cs_fr,cs_fr,0.5208333333333334
fr_eng_s_e_s_n:31_cs_hi,cs_hi,0.49166666666666664
fr_eng_s_e_s_n:32_cs_fr,cs_fr,0.5934065934065934
fr_eng_s_e_s_n:32_cs_hi,cs_hi,0.746268656716418
fr_eng_s_e_s_n:33_cs_fr,cs_fr,0.7560975609756098
fr_eng_s_e_s_n:33_cs_hi,cs_hi,0.8852459016393442
fr_eng_s_e_s_n:34_cs_fr,cs_fr,0.5591397849462365
fr_eng_s_e_s_n:34_cs_hi,cs_hi,0.8636363636363636
fr_eng_s_e_s_n:35_cs_fr,cs_fr,0.65625
fr_eng_s_e_s_n:35_cs_hi,cs_hi,0.9615384615384616
fr_eng_s_e_s_n:36_cs_fr,cs_fr,0.6627906976744186
fr_eng_s_e_s_n:36_cs_hi,cs_hi,0.7403846153846154
fr_eng_s_e_s_n:37_cs_fr,cs_fr,0.8366013071895425
fr_eng_s_e_s_n:37_cs_hi,cs_hi,0.7094972067039106
fr_eng_s_e_s_n:38_cs_fr,cs_fr,0.5913978494623656
fr_eng_s_e_s_n:38_cs_hi,cs_hi,0.9821428571428571
fr_eng_s_e_s_n:39_cs_fr,cs_fr,0.8205128205128205
fr_eng_s_e_s_n:39_cs_hi,cs_hi,0.912621359223301
fr_eng_s_e_s_n:40_cs_fr,cs_fr,0.5217391304347826
fr_eng_s_e_s_n:40_cs_hi,cs_hi,0.8608695652173913
fr_eng_s_e_s_n:41_cs_fr,cs_fr,0.3888888888888889
fr_eng_s_e_s_n:41_cs_hi,cs_hi,0.6363636363636364
fr_eng_s_e_s_n:42_cs_fr,cs_fr,0.6756756756756757
fr_eng_s_e_s_n:42_cs_hi,cs_hi,0.7835051546391752
fr_eng_s_e_s_n:43_cs_fr,cs_fr,0.7027027027027027
fr_eng_s_e_s_n:43_cs_hi,cs_hi,0.9649122807017544
fr_eng_s_e_s_n:44_cs_fr,cs_fr,0.7361111111111112
fr_eng_s_e_s_n:44_cs_hi,cs_hi,0.8571428571428571
fr_eng_s_e_s_n:45_cs_fr,cs_fr,0.5961538461538461
fr_eng_s_e_s_n:45_cs_hi,cs_hi,0.8831168831168831
fr_eng_s_e_s_n:46_cs_fr,cs_fr,0.8125
fr_eng_s_e_s_n:46_cs_hi,cs_hi,0.8805970149253731
fr_eng_s_e_s_n:47_cs_fr,cs_fr,0.5211267605633803
fr_eng_s_e_s_n:47_cs_hi,cs_hi,0.6914893617021277
fr_eng_s_e_s_n:48_cs_fr,cs_fr,0.6515151515151515
fr_eng_s_e_s_n:48_cs_hi,cs_hi,0.7567567567567568
fr_eng_s_e_s_n:49_cs_fr,cs_fr,0.72
fr_eng_s_e_s_n:49_cs_hi,cs_hi,0.8581081081081081
fr_eng_s_e_s_n:50_cs_fr,cs_fr,0.4807692307692308
fr_eng_s_e_s_n:50_cs_hi,cs_hi,0.5901639344262295
fr_eng_s_e_s_n:51_cs_fr,cs_fr,0.8
fr_eng_s_e_s_n:51_cs_hi,cs_hi,0.8888888888888888
fr_eng_s_e_s_n:52_cs_fr,cs_fr,0.6964285714285714
fr_eng_s_e_s_n:52_cs_hi,cs_hi,0.9545454545454546
fr_eng_s_e_s_n:53_cs_fr,cs_fr,0.6794871794871795
fr_eng_s_e_s_n:53_cs_hi,cs_hi,0.7125
fr_eng_s_e_s_n:54_cs_fr,cs_fr,0.5
fr_eng_s_e_s_n:54_cs_hi,cs_hi,0.9393939393939394
fr_eng_s_e_s_n:55_cs_fr,cs_fr,0.6923076923076923
fr_eng_s_e_s_n:55_cs_hi,cs_hi,0.84
fr_eng_s_e_s_n:56_cs_fr,cs_fr,0.5714285714285714
fr_eng_s_e_s_n:56_cs_hi,cs_hi,0.8068181818181818
fr_eng_s_e_s_n:57_cs_fr,cs_fr,0.6126126126126126
fr_eng_s_e_s_n:57_cs_hi,cs_hi,0.8770949720670391
fr_eng_s_e_s_n:58_cs_fr,cs_fr,0.625
fr_eng_s_e_s_n:58_cs_hi,cs_hi,0.926829268292683
fr_eng_s_e_s_n:59_cs_fr,cs_fr,0.48
fr_eng_s_e_s_n:59_cs_hi,cs_hi,0.8421052631578947
fr_eng_s_e_s_n:60_cs_fr,cs_fr,0.6833333333333333
fr_eng_s_e_s_n:60_cs_hi,cs_hi,0.8495575221238938
fr_eng_s_e_s_n:61_cs_fr,cs_fr,0.8378378378378378
fr_eng_s_e_s_n:61_cs_hi,cs_hi,0.8333333333333334
fr_eng_s_e_s_n:62_cs_fr,cs_fr,0.5247524752475248
fr_eng_s_e_s_n:62_cs_hi,cs_hi,0.9323308270676691
fr_eng_s_e_s_n:63_cs_fr,cs_fr,0.4895833333333333
fr_eng_s_e_s_n:63_cs_hi,cs_hi,0.7627118644067796
fr_eng_s_e_s_n:64_cs_fr,cs_fr,0.69
fr_eng_s_e_s_n:64_cs_hi,cs_hi,0.8046875
fr_eng_s_e_s_n:65_cs_fr,cs_fr,0.3888888888888889
fr_eng_s_e_s_n:65_cs_hi,cs_hi,0.625
fr_eng_s_e_s_n:66_cs_fr,cs_fr,0.5769230769230769
fr_eng_s_e_s_n:66_cs_hi,cs_hi,0.8598130841121495
fr_eng_s_e_s_n:67_cs_fr,cs_fr,0.6823529411764706
fr_eng_s_e_s_n:67_cs_hi,cs_hi,0.9456521739130435
fr_eng_s_e_s_n:68_cs_fr,cs_fr,0.8852459016393442
fr_eng_s_e_s_n:68_cs_hi,cs_hi,0.9195402298850575
fr_eng_s_e_s_n:69_cs_fr,cs_fr,0.8444444444444444
fr_eng_s_e_s_n:69_cs_hi,cs_hi,0.8679245283018868
fr_eng_s_e_s_n:70_cs_fr,cs_fr,0.5121951219512195
fr_eng_s_e_s_n:70_cs_hi,cs_hi,0.5673076923076923
fr_eng_s_e_s_n:71_cs_fr,cs_fr,0.5128205128205128
fr_eng_s_e_s_n:71_cs_hi,cs_hi,0.9523809523809523
fr_eng_s_e_s_n:72_cs_fr,cs_fr,0.6549295774647887
fr_eng_s_e_s_n:72_cs_hi,cs_hi,0.8054054054054054
fr_eng_s_e_s_n:73_cs_fr,cs_fr,0.574468085106383
fr_eng_s_e_s_n:73_cs_hi,cs_hi,0.8805970149253731
fr_eng_s_e_s_n:74_cs_fr,cs_fr,0.5
fr_eng_s_e_s_n:74_cs_hi,cs_hi,0.728
fr_eng_s_e_s_n:75_cs_fr,cs_fr,0.5185185185185185
fr_eng_s_e_s_n:75_cs_hi,cs_hi,0.9074074074074074
fr_eng_s_e_s_n:76_cs_fr,cs_fr,0.5252525252525253
fr_eng_s_e_s_n:76_cs_hi,cs_hi,0.7642276422764228
fr_eng_s_e_s_n:77_cs_fr,cs_fr,0.6979166666666666
fr_eng_s_e_s_n:77_cs_hi,cs_hi,0.8907563025210085
fr_eng_s_e_s_n:78_cs_fr,cs_fr,0.6666666666666666
fr_eng_s_e_s_n:78_cs_hi,cs_hi,0.734375
fr_eng_s_e_s_n:79_cs_fr,cs_fr,0.8529411764705882
fr_eng_s_e_s_n:79_cs_hi,cs_hi,0.9347826086956522
fr_eng_s_e_s_n:80_cs_fr,cs_fr,0.7674418604651163
fr_eng_s_e_s_n:80_cs_hi,cs_hi,0.9024390243902439
fr_eng_s_e_s_n:81_cs_fr,cs_fr,0.7777777777777778
fr_eng_s_e_s_n:81_cs_hi,cs_hi,0.8775510204081632
fr_eng_s_e_s_n:82_cs_fr,cs_fr,0.7857142857142857
fr_eng_s_e_s_n:82_cs_hi,cs_hi,0.8823529411764706
fr_eng_s_e_s_n:83_cs_fr,cs_fr,0.5
fr_eng_s_e_s_n:83_cs_hi,cs_hi,0.7857142857142857
fr_eng_s_e_s_n:84_cs_fr,cs_fr,0.72
fr_eng_s_e_s_n:84_cs_hi,cs_hi,0.7560975609756098
fr_eng_s_e_s_n:85_cs_fr,cs_fr,0.7692307692307693
fr_eng_s_e_s_n:85_cs_hi,cs_hi,0.9298245614035088
fr_eng_s_e_s_n:86_cs_fr,cs_fr,0.44
fr_eng_s_e_s_n:86_cs_hi,cs_hi,0.9523809523809523
fr_eng_s_e_s_n:87_cs_fr,cs_fr,0.6442307692307693
fr_eng_s_e_s_n:87_cs_hi,cs_hi,0.8471337579617835
fr_eng_s_e_s_n:88_cs_fr,cs_fr,0.5922330097087378
fr_eng_s_e_s_n:88_cs_hi,cs_hi,0.7619047619047619
fr_eng_s_e_s_n:89_cs_fr,cs_fr,0.7297297297297297
fr_eng_s_e_s_n:89_cs_hi,cs_hi,0.8217821782178217
fr_eng_s_e_s_n:90_cs_fr,cs_fr,0.7666666666666667
fr_eng_s_e_s_n:90_cs_hi,cs_hi,0.8478260869565217
fr_eng_s_e_s_n:91_cs_fr,cs_fr,0.7142857142857143
fr_eng_s_e_s_n:91_cs_hi,cs_hi,0.7837837837837838
fr_eng_s_e_s_n:92_cs_fr,cs_fr,0.7862068965517242
fr_eng_s_e_s_n:92_cs_hi,cs_hi,0.893719806763285
fr_eng_s_e_s_n:93_cs_fr,cs_fr,0.7441860465116279
fr_eng_s_e_s_n:93_cs_hi,cs_hi,0.9215686274509803
fr_eng_s_e_s_n:94_cs_fr,cs_fr,0.5263157894736842
fr_eng_s_e_s_n:94_cs_hi,cs_hi,0.9516129032258065
fr_eng_s_e_s_n:95_cs_fr,cs_fr,0.7361111111111112
fr_eng_s_e_s_n:95_cs_hi,cs_hi,0.9117647058823529
fr_eng_s_e_s_n:96_cs_fr,cs_fr,0.7931034482758621
fr_eng_s_e_s_n:96_cs_hi,cs_hi,0.8444444444444444
fr_eng_s_e_s_n:97_cs_fr,cs_fr,0.6633663366336634
fr_eng_s_e_s_n:97_cs_hi,cs_hi,0.717741935483871
fr_eng_s_e_s_n:98_cs_fr,cs_fr,0.7246376811594203
fr_eng_s_e_s_n:98_cs_hi,cs_hi,0.9134615384615384
fr_eng_s_e_s_n:99_cs_fr,cs_fr,0.8928571428571429
fr_eng_s_e_s_n:99_cs_hi,cs_hi,0.8888888888888888
fr_eng_s_e_s_n:100_cs_fr,cs_fr,0.631578947368421
fr_eng_s_e_s_n:100_cs_hi,cs_hi,0.7741935483870968
fr_eng_s_e_s_n:101_cs_fr,cs_fr,0.6811594202898551
fr_eng_s_e_s_n:101_cs_hi,cs_hi,0.9662921348314607
fr_eng_s_e_s_n:102_cs_fr,cs_fr,0.6065573770491803
fr_eng_s_e_s_n:102_cs_hi,cs_hi,0.7901234567901234
fr_eng_s_e_s_n:103_cs_fr,cs_fr,0.6551724137931034
fr_eng_s_e_s_n:103_cs_hi,cs_hi,0.875
fr_eng_s_e_s_n:104_cs_fr,cs_fr,0.47368421052631576
fr_eng_s_e_s_n:104_cs_hi,cs_hi,0.8846153846153846
fr_eng_s_e_s_n:105_cs_fr,cs_fr,0.6722689075630253
fr_eng_s_e_s_n:105_cs_hi,cs_hi,0.8128654970760234
fr_eng_s_e_s_n:106_cs_fr,cs_fr,0.8383233532934131
fr_eng_s_e_s_n:106_cs_hi,cs_hi,0.9878542510121457
fr_eng_s_e_s_n:107_cs_fr,cs_fr,0.703125
fr_eng_s_e_s_n:107_cs_hi,cs_hi,0.8775510204081632
fr_eng_s_e_s_n:108_cs_fr,cs_fr,0.6
fr_eng_s_e_s_n:108_cs_hi,cs_hi,0.7169811320754716
fr_eng_s_e_s_n:109_cs_fr,cs_fr,0.4507042253521127
fr_eng_s_e_s_n:109_cs_hi,cs_hi,0.776595744680851
fr_eng_s_e_s_n:110_cs_fr,cs_fr,0.5764705882352941
fr_eng_s_e_s_n:110_cs_hi,cs_hi,0.7982456140350878
fr_eng_s_e_s_n:111_cs_fr,cs_fr,0.5833333333333334
fr_eng_s_e_s_n:111_cs_hi,cs_hi,0.782608695652174
fr_eng_s_e_s_n:112_cs_fr,cs_fr,0.8518518518518519
fr_eng_s_e_s_n:112_cs_hi,cs_hi,0.9047619047619048
fr_eng_s_e_s_n:113_cs_fr,cs_fr,0.6818181818181818
fr_eng_s_e_s_n:113_cs_hi,cs_hi,0.7074829931972789
fr_eng_s_e_s_n:114_cs_fr,cs_fr,0.4888888888888889
fr_eng_s_e_s_n:114_cs_hi,cs_hi,0.6166666666666667
fr_eng_s_e_s_n:115_cs_fr,cs_fr,0.62
fr_eng_s_e_s_n:115_cs_hi,cs_hi,0.9295774647887324
fr_eng_s_e_s_n:116_cs_fr,cs_fr,0.8170731707317073
fr_eng_s_e_s_n:116_cs_hi,cs_hi,0.7959183673469388
fr_eng_s_e_s_n:117_cs_fr,cs_fr,0.776595744680851
fr_eng_s_e_s_n:117_cs_hi,cs_hi,0.9849624060150376
fr_eng_s_e_s_n:118_cs_fr,cs_fr,0.6979166666666666
fr_eng_s_e_s_n:118_cs_hi,cs_hi,0.9117647058823529
fr_eng_s_e_s_n:119_cs_fr,cs_fr,0.8928571428571429
fr_eng_s_e_s_n:119_cs_hi,cs_hi,0.9428571428571428
fr_eng_s_e_s_n:120_cs_fr,cs_fr,0.5142857142857142
fr_eng_s_e_s_n:120_cs_hi,cs_hi,0.6338028169014085
fr_eng_s_e_s_n:121_cs_fr,cs_fr,0.7272727272727273
fr_eng_s_e_s_n:121_cs_hi,cs_hi,0.8064516129032258
fr_eng_s_e_s_n:122_cs_fr,cs_fr,0.7027027027027027
fr_eng_s_e_s_n:122_cs_hi,cs_hi,0.8383838383838383
fr_eng_s_e_s_n:123_cs_fr,cs_fr,0.5869565217391305
fr_eng_s_e_s_n:123_cs_hi,cs_hi,0.36538461538461536
fr_eng_s_e_s_n:124_cs_fr,cs_fr,0.6338028169014085
fr_eng_s_e_s_n:124_cs_hi,cs_hi,0.8596491228070176
fr_eng_s_e_s_n:125_cs_fr,cs_fr,0.5172413793103449
fr_eng_s_e_s_n:125_cs_hi,cs_hi,0.9347826086956522
fr_eng_s_e_s_n:126_cs_fr,cs_fr,0.5849056603773585
fr_eng_s_e_s_n:126_cs_hi,cs_hi,0.925531914893617
fr_eng_s_e_s_n:127_cs_fr,cs_fr,0.6197183098591549
fr_eng_s_e_s_n:127_cs_hi,cs_hi,0.8611111111111112
fr_eng_s_e_s_n:128_cs_fr,cs_fr,0.7291666666666666
fr_eng_s_e_s_n:128_cs_hi,cs_hi,0.7727272727272727
fr_eng_s_e_s_n:129_cs_fr,cs_fr,0.8214285714285714
fr_eng_s_e_s_n:129_cs_hi,cs_hi,0.8411214953271028
fr_eng_s_e_s_n:130_cs_fr,cs_fr,0.8333333333333334
fr_eng_s_e_s_n:130_cs_hi,cs_hi,0.6111111111111112
fr_eng_s_e_s_n:131_cs_fr,cs_fr,0.6237623762376238
fr_eng_s_e_s_n:131_cs_hi,cs_hi,0.7744360902255639
fr_eng_s_e_s_n:132_cs_fr,cs_fr,0.5909090909090909
fr_eng_s_e_s_n:132_cs_hi,cs_hi,0.686046511627907
fr_eng_s_e_s_n:133_cs_fr,cs_fr,0.5232558139534884
fr_eng_s_e_s_n:133_cs_hi,cs_hi,0.8521739130434782
fr_eng_s_e_s_n:134_cs_fr,cs_fr,0.4583333333333333
fr_eng_s_e_s_n:134_cs_hi,cs_hi,0.6617647058823529
fr_eng_s_e_s_n:135_cs_fr,cs_fr,0.6941176470588235
fr_eng_s_e_s_n:135_cs_hi,cs_hi,0.45544554455445546
fr_eng_s_e_s_n:136_cs_fr,cs_fr,0.6808510638297872
fr_eng_s_e_s_n:136_cs_hi,cs_hi,0.8888888888888888
fr_eng_s_e_s_n:137_cs_fr,cs_fr,0.6551724137931034
fr_eng_s_e_s_n:137_cs_hi,cs_hi,0.8846153846153846
fr_eng_s_e_s_n:138_cs_fr,cs_fr,0.6111111111111112
fr_eng_s_e_s_n:138_cs_hi,cs_hi,0.9193548387096774
fr_eng_s_e_s_n:139_cs_fr,cs_fr,0.5185185185185185
fr_eng_s_e_s_n:139_cs_hi,cs_hi,0.7837837837837838
fr_eng_s_e_s_n:140_cs_fr,cs_fr,0.7142857142857143
fr_eng_s_e_s_n:140_cs_hi,cs_hi,0.9183673469387755
fr_eng_s_e_s_n:141_cs_fr,cs_fr,0.6388888888888888
fr_eng_s_e_s_n:141_cs_hi,cs_hi,0.9623655913978495
fr_eng_s_e_s_n:142_cs_fr,cs_fr,0.4
fr_eng_s_e_s_n:142_cs_hi,cs_hi,0.45161290322580644
fr_eng_s_e_s_n:143_cs_fr,cs_fr,0.7450980392156863
fr_eng_s_e_s_n:143_cs_hi,cs_hi,0.7575757575757576
fr_eng_s_e_s_n:144_cs_fr,cs_fr,0.6153846153846154
fr_eng_s_e_s_n:144_cs_hi,cs_hi,0.7391304347826086
fr_eng_s_e_s_n:145_cs_fr,cs_fr,0.6153846153846154
fr_eng_s_e_s_n:145_cs_hi,cs_hi,0.94
fr_eng_s_e_s_n:146_cs_fr,cs_fr,0.71875
fr_eng_s_e_s_n:146_cs_hi,cs_hi,0.9347826086956522
fr_eng_s_e_s_n:147_cs_fr,cs_fr,0.6122448979591837
fr_eng_s_e_s_n:147_cs_hi,cs_hi,0.8461538461538461
fr_eng_s_e_s_n:148_cs_fr,cs_fr,0.5625
fr_eng_s_e_s_n:148_cs_hi,cs_hi,0.9285714285714286
fr_eng_s_e_s_n:149_cs_fr,cs_fr,0.8571428571428571
fr_eng_s_e_s_n:149_cs_hi,cs_hi,0.9024390243902439
fr_eng_s_e_s_n:150_cs_fr,cs_fr,0.7066666666666667
fr_eng_s_e_s_n:150_cs_hi,cs_hi,0.9363636363636364
fr_eng_s_e_s_n:151_cs_fr,cs_fr,0.7209302325581395
fr_eng_s_e_s_n:151_cs_hi,cs_hi,0.864406779661017
fr_eng_s_e_s_n:152_cs_fr,cs_fr,0.6666666666666666
fr_eng_s_e_s_n:152_cs_hi,cs_hi,0.7380952380952381
fr_eng_s_e_s_n:153_cs_fr,cs_fr,0.7530864197530864
fr_eng_s_e_s_n:153_cs_hi,cs_hi,0.8235294117647058
fr_eng_s_e_s_n:154_cs_fr,cs_fr,0.6842105263157895
fr_eng_s_e_s_n:154_cs_hi,cs_hi,0.8488372093023255
fr_eng_s_e_s_n:155_cs_fr,cs_fr,0.7397260273972602
fr_eng_s_e_s_n:155_cs_hi,cs_hi,0.9120879120879121
fr_eng_s_e_s_n:156_cs_fr,cs_fr,0.8131868131868132
fr_eng_s_e_s_n:156_cs_hi,cs_hi,0.9849624060150376
fr_eng_s_e_s_n:157_cs_fr,cs_fr,0.6111111111111112
fr_eng_s_e_s_n:157_cs_hi,cs_hi,0.65
fr_eng_s_e_s_n:158_cs_fr,cs_fr,0.5833333333333334
fr_eng_s_e_s_n:158_cs_hi,cs_hi,0.9171974522292994
fr_eng_s_e_s_n:159_cs_fr,cs_fr,0.6611570247933884
fr_eng_s_e_s_n:159_cs_hi,cs_hi,0.9583333333333334
fr_eng_s_e_s_n:160_cs_fr,cs_fr,0.5957446808510638
fr_eng_s_e_s_n:160_cs_hi,cs_hi,0.8769230769230769
fr_eng_s_e_s_n:161_cs_fr,cs_fr,0.7926829268292683
fr_eng_s_e_s_n:161_cs_hi,cs_hi,0.957983193277311
fr_eng_s_e_s_n:162_cs_fr,cs_fr,0.5982905982905983
fr_eng_s_e_s_n:162_cs_hi,cs_hi,0.7532467532467533
fr_eng_s_e_s_n:163_cs_fr,cs_fr,0.47619047619047616
fr_eng_s_e_s_n:163_cs_hi,cs_hi,0.5769230769230769
fr_eng_s_e_s_n:164_cs_fr,cs_fr,0.6666666666666666
fr_eng_s_e_s_n:164_cs_hi,cs_hi,0.8490566037735849
fr_eng_s_e_s_n:165_cs_fr,cs_fr,0.7666666666666667
fr_eng_s_e_s_n:165_cs_hi,cs_hi,0.8888888888888888
fr_eng_s_e_s_n:166_cs_fr,cs_fr,0.8805970149253731
fr_eng_s_e_s_n:166_cs_hi,cs_hi,0.8888888888888888
fr_eng_s_e_s_n:167_cs_fr,cs_fr,0.6853932584269663
fr_eng_s_e_s_n:167_cs_hi,cs_hi,0.7363636363636363
fr_eng_s_e_s_n:168_cs_fr,cs_fr,0.6447368421052632
fr_eng_s_e_s_n:168_cs_hi,cs_hi,0.9174311926605505
fr_eng_s_e_s_n:169_cs_fr,cs_fr,0.84
fr_eng_s_e_s_n:169_cs_hi,cs_hi,0.9347826086956522
fr_eng_s_e_s_n:170_cs_fr,cs_fr,0.6046511627906976
fr_eng_s_e_s_n:170_cs_hi,cs_hi,0.8709677419354839
fr_eng_s_e_s_n:171_cs_fr,cs_fr,0.7083333333333334
fr_eng_s_e_s_n:171_cs_hi,cs_hi,0.7878787878787878
fr_eng_s_e_s_n:172_cs_fr,cs_fr,0.6923076923076923
fr_eng_s_e_s_n:172_cs_hi,cs_hi,0.7192982456140351
fr_eng_s_e_s_n:173_cs_fr,cs_fr,0.6111111111111112
fr_eng_s_e_s_n:173_cs_hi,cs_hi,0.6404494382022472
fr_eng_s_e_s_n:174_cs_fr,cs_fr,0.6621621621621622
fr_eng_s_e_s_n:174_cs_hi,cs_hi,0.8818181818181818
fr_eng_s_e_s_n:175_cs_fr,cs_fr,0.7419354838709677
fr_eng_s_e_s_n:175_cs_hi,cs_hi,0.8061224489795918
fr_eng_s_e_s_n:176_cs_fr,cs_fr,0.7761194029850746
fr_eng_s_e_s_n:176_cs_hi,cs_hi,0.9555555555555556
fr_eng_s_e_s_n:177_cs_fr,cs_fr,0.75
fr_eng_s_e_s_n:177_cs_hi,cs_hi,0.8571428571428571
fr_eng_s_e_s_n:178_cs_fr,cs_fr,0.5217391304347826
fr_eng_s_e_s_n:178_cs_hi,cs_hi,0.835820895522388
fr_eng_s_e_s_n:179_cs_fr,cs_fr,0.5063291139240507
fr_eng_s_e_s_n:179_cs_hi,cs_hi,0.8285714285714286
fr_eng_s_e_s_n:180_cs_fr,cs_fr,0.48484848484848486
fr_eng_s_e_s_n:180_cs_hi,cs_hi,0.95
fr_eng_s_e_s_n:181_cs_fr,cs_fr,0.59375
fr_eng_s_e_s_n:181_cs_hi,cs_hi,0.9545454545454546
fr_eng_s_e_s_n:182_cs_fr,cs_fr,0.7049180327868853
fr_eng_s_e_s_n:182_cs_hi,cs_hi,0.8777777777777778
fr_eng_s_e_s_n:183_cs_fr,cs_fr,0.76
fr_eng_s_e_s_n:183_cs_hi,cs_hi,0.8913043478260869
fr_eng_s_e_s_n:184_cs_fr,cs_fr,0.578125
fr_eng_s_e_s_n:184_cs_hi,cs_hi,0.900990099009901
fr_eng_s_e_s_n:185_cs_fr,cs_fr,0.5106382978723404
fr_eng_s_e_s_n:185_cs_hi,cs_hi,0.9090909090909091
fr_eng_s_e_s_n:186_cs_fr,cs_fr,0.7090909090909091
fr_eng_s_e_s_n:186_cs_hi,cs_hi,0.8026315789473685
fr_eng_s_e_s_n:187_cs_fr,cs_fr,0.7868852459016393
fr_eng_s_e_s_n:187_cs_hi,cs_hi,0.8805031446540881
fr_eng_s_e_s_n:188_cs_fr,cs_fr,0.75
fr_eng_s_e_s_n:188_cs_hi,cs_hi,0.7272727272727273
fr_eng_s_e_s_n:189_cs_fr,cs_fr,0.6785714285714286
fr_eng_s_e_s_n:189_cs_hi,cs_hi,0.8026315789473685
fr_eng_s_e_s_n:190_cs_fr,cs_fr,0.6095238095238096
fr_eng_s_e_s_n:190_cs_hi,cs_hi,0.9010989010989011
fr_eng_s_e_s_n:191_cs_fr,cs_fr,0.6666666666666666
fr_eng_s_e_s_n:191_cs_hi,cs_hi,0.7777777777777778
fr_eng_s_e_s_n:192_cs_fr,cs_fr,0.4642857142857143
fr_eng_s_e_s_n:192_cs_hi,cs_hi,0.9375
fr_eng_s_e_s_n:193_cs_fr,cs_fr,0.8533333333333334
fr_eng_s_e_s_n:193_cs_hi,cs_hi,0.9174311926605505
fr_eng_s_e_s_n:194_cs_fr,cs_fr,0.7
fr_eng_s_e_s_n:194_cs_hi,cs_hi,0.8
fr_eng_s_e_s_n:195_cs_fr,cs_fr,0.7252747252747253
fr_eng_s_e_s_n:195_cs_hi,cs_hi,0.9541984732824428
fr_eng_s_e_s_n:196_cs_fr,cs_fr,0.525
fr_eng_s_e_s_n:196_cs_hi,cs_hi,0.7479674796747967
fr_eng_s_e_s_n:197_cs_fr,cs_fr,0.30434782608695654
fr_eng_s_e_s_n:197_cs_hi,cs_hi,0.868421052631579
fr_eng_s_e_s_n:198_cs_fr,cs_fr,0.6976744186046512
fr_eng_s_e_s_n:198_cs_hi,cs_hi,0.8895348837209303
fr_eng_s_e_s_n:199_cs_fr,cs_fr,0.6347826086956522
fr_eng_s_e_s_n:199_cs_hi,cs_hi,0.8571428571428571
fr_eng_s_e_s_n:200_cs_fr,cs_fr,0.5714285714285714
fr_eng_s_e_s_n:200_cs_hi,cs_hi,0.8051948051948052
fr_eng_s_e_s_n:201_cs_fr,cs_fr,0.7474747474747475
fr_eng_s_e_s_n:201_cs_hi,cs_hi,0.6695652173913044
fr_eng_s_e_s_n:202_cs_fr,cs_fr,0.6764705882352942
fr_eng_s_e_s_n:202_cs_hi,cs_hi,0.8888888888888888
fr_eng_s_e_s_n:203_cs_fr,cs_fr,0.8641975308641975
fr_eng_s_e_s_n:203_cs_hi,cs_hi,0.963963963963964
fr_eng_s_e_s_n:204_cs_fr,cs_fr,0.6896551724137931
fr_eng_s_e_s_n:204_cs_hi,cs_hi,0.8888888888888888
fr_eng_s_e_s_n:205_cs_fr,cs_fr,0.7241379310344828
fr_eng_s_e_s_n:205_cs_hi,cs_hi,0.8571428571428571
fr_eng_s_e_s_n:206_cs_fr,cs_fr,0.527027027027027
fr_eng_s_e_s_n:206_cs_hi,cs_hi,0.8446601941747572
fr_eng_s_e_s_n:207_cs_fr,cs_fr,0.5873015873015873
fr_eng_s_e_s_n:207_cs_hi,cs_hi,0.8523489932885906
fr_eng_s_e_s_n:208_cs_fr,cs_fr,0.7666666666666667
fr_eng_s_e_s_n:208_cs_hi,cs_hi,0.94
fr_eng_s_e_s_n:209_cs_fr,cs_fr,0.47619047619047616
fr_eng_s_e_s_n:209_cs_hi,cs_hi,0.9210526315789473
fr_eng_s_e_s_n:210_cs_fr,cs_fr,0.8095238095238095
fr_eng_s_e_s_n:210_cs_hi,cs_hi,0.95
fr_eng_s_e_s_n:211_cs_fr,cs_fr,0.673469387755102
fr_eng_s_e_s_n:211_cs_hi,cs_hi,0.796875
fr_eng_s_e_s_n:212_cs_fr,cs_fr,0.4117647058823529
fr_eng_s_e_s_n:212_cs_hi,cs_hi,0.7345132743362832
fr_eng_s_e_s_n:213_cs_fr,cs_fr,0.8909090909090909
fr_eng_s_e_s_n:213_cs_hi,cs_hi,0.881578947368421
fr_eng_s_e_s_n:214_cs_fr,cs_fr,0.6285714285714286
fr_eng_s_e_s_n:214_cs_hi,cs_hi,0.8108108108108109
fr_eng_s_e_s_n:215_cs_fr,cs_fr,0.6612903225806451
fr_eng_s_e_s_n:215_cs_hi,cs_hi,0.9550561797752809
fr_eng_s_e_s_n:216_cs_fr,cs_fr,0.5
fr_eng_s_e_s_n:216_cs_hi,cs_hi,0.5161290322580645
fr_eng_s_e_s_n:217_cs_fr,cs_fr,0.6567164179104478
fr_eng_s_e_s_n:217_cs_hi,cs_hi,0.8673469387755102
fr_eng_s_e_s_n:218_cs_fr,cs_fr,0.6206896551724138
fr_eng_s_e_s_n:218_cs_hi,cs_hi,0.8292682926829268
fr_eng_s_e_s_n:219_cs_fr,cs_fr,0.8541666666666666
fr_eng_s_e_s_n:219_cs_hi,cs_hi,0.8133333333333334
fr_eng_s_e_s_n:220_cs_fr,cs_fr,0.7358490566037735
fr_eng_s_e_s_n:220_cs_hi,cs_hi,0.8589743589743589
fr_eng_s_e_s_n:221_cs_fr,cs_fr,0.5384615384615384
fr_eng_s_e_s_n:221_cs_hi,cs_hi,0.5806451612903226
fr_eng_s_e_s_n:222_cs_fr,cs_fr,0.6962025316455697
fr_eng_s_e_s_n:222_cs_hi,cs_hi,0.9259259259259259
fr_eng_s_e_s_n:223_cs_fr,cs_fr,0.8461538461538461
fr_eng_s_e_s_n:223_cs_hi,cs_hi,0.9574468085106383
fr_eng_s_e_s_n:224_cs_fr,cs_fr,0.7586206896551724
fr_eng_s_e_s_n:224_cs_hi,cs_hi,0.90625
fr_eng_s_e_s_n:225_cs_fr,cs_fr,0.5588235294117647
fr_eng_s_e_s_n:225_cs_hi,cs_hi,0.8939393939393939
fr_eng_s_e_s_n:226_cs_fr,cs_fr,0.7272727272727273
fr_eng_s_e_s_n:226_cs_hi,cs_hi,0.9166666666666666
fr_eng_s_e_s_n:227_cs_fr,cs_fr,0.7021276595744681
fr_eng_s_e_s_n:227_cs_hi,cs_hi,0.8571428571428571
fr_eng_s_e_s_n:228_cs_fr,cs_fr,0.5393258426966292
fr_eng_s_e_s_n:228_cs_hi,cs_hi,0.9624060150375939
fr_eng_s_e_s_n:229_cs_fr,cs_fr,0.5263157894736842
fr_eng_s_e_s_n:229_cs_hi,cs_hi,0.9230769230769231
fr_eng_s_e_s_n:230_cs_fr,cs_fr,0.6
fr_eng_s_e_s_n:230_cs_hi,cs_hi,0.8571428571428571
fr_eng_s_e_s_n:231_cs_fr,cs_fr,0.5789473684210527
fr_eng_s_e_s_n:231_cs_hi,cs_hi,0.8787878787878788
fr_eng_s_e_s_n:232_cs_fr,cs_fr,0.7228915662650602
fr_eng_s_e_s_n:232_cs_hi,cs_hi,0.7864077669902912
fr_eng_s_e_s_n:233_cs_fr,cs_fr,0.5588235294117647
fr_eng_s_e_s_n:233_cs_hi,cs_hi,0.8181818181818182
fr_eng_s_e_s_n:234_cs_fr,cs_fr,0.5714285714285714
fr_eng_s_e_s_n:234_cs_hi,cs_hi,0.4864864864864865
fr_eng_s_e_s_n:235_cs_fr,cs_fr,0.4148936170212766
fr_eng_s_e_s_n:235_cs_hi,cs_hi,0.7744360902255639
fr_eng_s_e_s_n:236_cs_fr,cs_fr,0.7837837837837838
fr_eng_s_e_s_n:236_cs_hi,cs_hi,0.9011627906976745
fr_eng_s_e_s_n:237_cs_fr,cs_fr,0.75
fr_eng_s_e_s_n:237_cs_hi,cs_hi,0.8490566037735849
fr_eng_s_e_s_n:238_cs_fr,cs_fr,0.5315315315315315
fr_eng_s_e_s_n:238_cs_hi,cs_hi,0.9395973154362416
fr_eng_s_e_s_n:239_cs_fr,cs_fr,0.5217391304347826
fr_eng_s_e_s_n:239_cs_hi,cs_hi,0.9523809523809523
fr_eng_s_e_s_n:240_cs_fr,cs_fr,0.6082474226804123
fr_eng_s_e_s_n:240_cs_hi,cs_hi,0.8201438848920863
fr_eng_s_e_s_n:241_cs_fr,cs_fr,0.48148148148148145
fr_eng_s_e_s_n:241_cs_hi,cs_hi,0.9473684210526315
fr_eng_s_e_s_n:242_cs_fr,cs_fr,0.723404255319149
fr_eng_s_e_s_n:242_cs_hi,cs_hi,0.6716417910447762
fr_eng_s_e_s_n:243_cs_fr,cs_fr,0.5263157894736842
fr_eng_s_e_s_n:243_cs_hi,cs_hi,0.8421052631578947
fr_eng_s_e_s_n:244_cs_fr,cs_fr,0.6923076923076923
fr_eng_s_e_s_n:244_cs_hi,cs_hi,0.811965811965812
fr_eng_s_e_s_n:245_cs_fr,cs_fr,0.654320987654321
fr_eng_s_e_s_n:245_cs_hi,cs_hi,0.88
fr_eng_s_e_s_n:246_cs_fr,cs_fr,0.8990825688073395
fr_eng_s_e_s_n:246_cs_hi,cs_hi,0.813953488372093
fr_eng_s_e_s_n:247_cs_fr,cs_fr,0.7391304347826086
fr_eng_s_e_s_n:247_cs_hi,cs_hi,0.795774647887324
fr_eng_s_e_s_n:248_cs_fr,cs_fr,0.6122448979591837
fr_eng_s_e_s_n:248_cs_hi,cs_hi,0.8604651162790697
fr_eng_s_e_s_n:249_cs_fr,cs_fr,0.7547169811320755
fr_eng_s_e_s_n:249_cs_hi,cs_hi,0.8115942028985508
fr_eng_s_e_s_n:250_cs_fr,cs_fr,0.5
fr_eng_s_e_s_n:250_cs_hi,cs_hi,0.9285714285714286
fr_eng_s_e_s_n:251_cs_fr,cs_fr,0.6938775510204082
fr_eng_s_e_s_n:251_cs_hi,cs_hi,0.84251968503937
fr_eng_s_e_s_n:252_cs_fr,cs_fr,0.7222222222222222
fr_eng_s_e_s_n:252_cs_hi,cs_hi,0.8947368421052632
fr_eng_s_e_s_n:253_cs_fr,cs_fr,0.5529411764705883
fr_eng_s_e_s_n:253_cs_hi,cs_hi,0.8067226890756303
fr_eng_s_e_s_n:254_cs_fr,cs_fr,0.8636363636363636
fr_eng_s_e_s_n:254_cs_hi,cs_hi,0.9775280898876404
fr_eng_s_e_s_n:255_cs_fr,cs_fr,0.625
fr_eng_s_e_s_n:255_cs_hi,cs_hi,0.7215189873417721
fr_eng_s_e_s_n:256_cs_fr,cs_fr,0.6301369863013698
fr_eng_s_e_s_n:256_cs_hi,cs_hi,0.8532110091743119
fr_eng_s_e_s_n:257_cs_fr,cs_fr,0.4838709677419355
fr_eng_s_e_s_n:257_cs_hi,cs_hi,0.926829268292683
fr_eng_s_e_s_n:258_cs_fr,cs_fr,0.5254237288135594
fr_eng_s_e_s_n:258_cs_hi,cs_hi,0.9223300970873787
fr_eng_s_e_s_n:259_cs_fr,cs_fr,0.5476190476190477
fr_eng_s_e_s_n:259_cs_hi,cs_hi,0.84
fr_eng_s_e_s_n:260_cs_fr,cs_fr,0.6153846153846154
fr_eng_s_e_s_n:260_cs_hi,cs_hi,0.8679245283018868
fr_eng_s_e_s_n:261_cs_fr,cs_fr,0.6
fr_eng_s_e_s_n:261_cs_hi,cs_hi,0.7244094488188977
fr_eng_s_e_s_n:262_cs_fr,cs_fr,0.8333333333333334
fr_eng_s_e_s_n:262_cs_hi,cs_hi,0.9487179487179487
fr_eng_s_e_s_n:263_cs_fr,cs_fr,0.7428571428571429
fr_eng_s_e_s_n:263_cs_hi,cs_hi,0.797752808988764
fr_eng_s_e_s_n:264_cs_fr,cs_fr,0.631578947368421
fr_eng_s_e_s_n:264_cs_hi,cs_hi,0.9787234042553191
fr_eng_s_e_s_n:265_cs_fr,cs_fr,0.5857142857142857
fr_eng_s_e_s_n:265_cs_hi,cs_hi,0.6952380952380952
fr_eng_s_e_s_n:266_cs_fr,cs_fr,0.5698924731182796
fr_eng_s_e_s_n:266_cs_hi,cs_hi,0.6583333333333333
fr_eng_s_e_s_n:267_cs_fr,cs_fr,0.6161616161616161
fr_eng_s_e_s_n:267_cs_hi,cs_hi,0.7304347826086957
fr_eng_s_e_s_n:268_cs_fr,cs_fr,0.6635514018691588
fr_eng_s_e_s_n:268_cs_hi,cs_hi,0.9132947976878613
fr_eng_s_e_s_n:269_cs_fr,cs_fr,0.5714285714285714
fr_eng_s_e_s_n:269_cs_hi,cs_hi,0.8490566037735849
fr_eng_s_e_s_n:270_cs_fr,cs_fr,0.6764705882352942
fr_eng_s_e_s_n:270_cs_hi,cs_hi,0.5
fr_eng_s_e_s_n:271_cs_fr,cs_fr,0.46153846153846156
fr_eng_s_e_s_n:271_cs_hi,cs_hi,0.5428571428571428
fr_eng_s_e_s_n:272_cs_fr,cs_fr,0.4473684210526316
fr_eng_s_e_s_n:272_cs_hi,cs_hi,0.8709677419354839
fr_eng_s_e_s_n:273_cs_fr,cs_fr,0.625
fr_eng_s_e_s_n:273_cs_hi,cs_hi,0.9285714285714286
fr_eng_s_e_s_n:274_cs_fr,cs_fr,0.5476190476190477
fr_eng_s_e_s_n:274_cs_hi,cs_hi,0.8135593220338984
fr_eng_s_e_s_n:275_cs_fr,cs_fr,0.6727272727272727
fr_eng_s_e_s_n:275_cs_hi,cs_hi,0.8514851485148515
fr_eng_s_e_s_n:276_cs_fr,cs_fr,0.8231292517006803
fr_eng_s_e_s_n:276_cs_hi,cs_hi,0.9011627906976745
fr_eng_s_e_s_n:277_cs_fr,cs_fr,0.6206896551724138
fr_eng_s_e_s_n:277_cs_hi,cs_hi,0.9107142857142857
fr_eng_s_e_s_n:278_cs_fr,cs_fr,0.6206896551724138
fr_eng_s_e_s_n:278_cs_hi,cs_hi,0.7529411764705882
fr_eng_s_e_s_n:279_cs_fr,cs_fr,0.8513513513513513
fr_eng_s_e_s_n:279_cs_hi,cs_hi,0.8807339449541285
fr_eng_s_e_s_n:280_cs_fr,cs_fr,0.547945205479452
fr_eng_s_e_s_n:280_cs_hi,cs_hi,0.59375
fr_eng_s_e_s_n:281_cs_fr,cs_fr,0.8541666666666666
fr_eng_s_e_s_n:281_cs_hi,cs_hi,0.9
fr_eng_s_e_s_n:282_cs_fr,cs_fr,0.6578947368421053
fr_eng_s_e_s_n:282_cs_hi,cs_hi,0.7623762376237624
fr_eng_s_e_s_n:283_cs_fr,cs_fr,0.7777777777777778
fr_eng_s_e_s_n:283_cs_hi,cs_hi,0.9142857142857143
fr_eng_s_e_s_n:284_cs_fr,cs_fr,0.65
fr_eng_s_e_s_n:284_cs_hi,cs_hi,0.8928571428571429
fr_eng_s_e_s_n:285_cs_fr,cs_fr,0.8333333333333334
fr_eng_s_e_s_n:285_cs_hi,cs_hi,0.8818897637795275
fr_eng_s_e_s_n:286_cs_fr,cs_fr,0.4
fr_eng_s_e_s_n:286_cs_hi,cs_hi,0.696969696969697
fr_eng_s_e_s_n:287_cs_fr,cs_fr,0.6145833333333334
fr_eng_s_e_s_n:287_cs_hi,cs_hi,0.7884615384615384
fr_eng_s_e_s_n:288_cs_fr,cs_fr,0.6666666666666666
fr_eng_s_e_s_n:288_cs_hi,cs_hi,0.7802197802197802
fr_eng_s_e_s_n:289_cs_fr,cs_fr,0.6813186813186813
fr_eng_s_e_s_n:289_cs_hi,cs_hi,0.8396946564885496
fr_eng_s_e_s_n:290_cs_fr,cs_fr,0.5178571428571429
fr_eng_s_e_s_n:290_cs_hi,cs_hi,0.9113924050632911
fr_eng_s_e_s_n:291_cs_fr,cs_fr,0.7272727272727273
fr_eng_s_e_s_n:291_cs_hi,cs_hi,0.7959183673469388
fr_eng_s_e_s_n:292_cs_fr,cs_fr,0.7534246575342466
fr_eng_s_e_s_n:292_cs_hi,cs_hi,0.9134615384615384
fr_eng_s_e_s_n:293_cs_fr,cs_fr,0.6021505376344086
fr_eng_s_e_s_n:293_cs_hi,cs_hi,0.835820895522388
fr_eng_s_e_s_n:294_cs_fr,cs_fr,0.8571428571428571
fr_eng_s_e_s_n:294_cs_hi,cs_hi,0.8656716417910447
fr_eng_s_e_s_n:295_cs_fr,cs_fr,0.6712328767123288
fr_eng_s_e_s_n:295_cs_hi,cs_hi,0.9754098360655737
fr_eng_s_e_s_n:296_cs_fr,cs_fr,0.7692307692307693
fr_eng_s_e_s_n:296_cs_hi,cs_hi,0.8918918918918919
fr_eng_s_e_s_n:297_cs_fr,cs_fr,0.5189873417721519
fr_eng_s_e_s_n:297_cs_hi,cs_hi,0.8363636363636363
fr_eng_s_e_s_n:298_cs_fr,cs_fr,0.5714285714285714
fr_eng_s_e_s_n:298_cs_hi,cs_hi,0.8379888268156425
fr_eng_s_e_s_n:299_cs_fr,cs_fr,0.5806451612903226
fr_eng_s_e_s_n:299_cs_hi,cs_hi,0.8108108108108109
fr_eng_s_e_s_n:300_cs_fr,cs_fr,0.6571428571428571
fr_eng_s_e_s_n:300_cs_hi,cs_hi,0.7752808988764045
fr_eng_s_e_s_n:301_cs_fr,cs_fr,0.5833333333333334
fr_eng_s_e_s_n:301_cs_hi,cs_hi,0.9591836734693877
fr_eng_s_e_s_n:302_cs_fr,cs_fr,0.6619718309859155
fr_eng_s_e_s_n:302_cs_hi,cs_hi,0.8823529411764706
fr_eng_s_e_s_n:303_cs_fr,cs_fr,0.6666666666666666
fr_eng_s_e_s_n:303_cs_hi,cs_hi,0.7368421052631579
fr_eng_s_e_s_n:304_cs_fr,cs_fr,0.75
fr_eng_s_e_s_n:304_cs_hi,cs_hi,0.7741935483870968
fr_eng_s_e_s_n:305_cs_fr,cs_fr,0.7540983606557377
fr_eng_s_e_s_n:305_cs_hi,cs_hi,0.8648648648648649
fr_eng_s_e_s_n:306_cs_fr,cs_fr,0.6626506024096386
fr_eng_s_e_s_n:306_cs_hi,cs_hi,0.8
fr_eng_s_e_s_n:307_cs_fr,cs_fr,0.5892857142857143
fr_eng_s_e_s_n:307_cs_hi,cs_hi,0.9425287356321839
fr_eng_s_e_s_n:308_cs_fr,cs_fr,0.6415094339622641
fr_eng_s_e_s_n:308_cs_hi,cs_hi,0.782051282051282
fr_eng_s_e_s_n:309_cs_fr,cs_fr,0.6890756302521008
fr_eng_s_e_s_n:309_cs_hi,cs_hi,0.7518796992481203
fr_eng_s_e_s_n:310_cs_fr,cs_fr,0.6511627906976745
fr_eng_s_e_s_n:310_cs_hi,cs_hi,0.7647058823529411
fr_eng_s_e_s_n:311_cs_fr,cs_fr,0.8148148148148148
fr_eng_s_e_s_n:311_cs_hi,cs_hi,0.9345794392523364
fr_eng_s_e_s_n:312_cs_fr,cs_fr,0.52
fr_eng_s_e_s_n:312_cs_hi,cs_hi,0.8928571428571429
fr_eng_s_e_s_n:313_cs_fr,cs_fr,0.6153846153846154
fr_eng_s_e_s_n:313_cs_hi,cs_hi,0.8648648648648649
fr_eng_s_e_s_n:314_cs_fr,cs_fr,0.6697247706422018
fr_eng_s_e_s_n:314_cs_hi,cs_hi,0.9328358208955224
fr_eng_s_e_s_n:315_cs_fr,cs_fr,0.71875
fr_eng_s_e_s_n:315_cs_hi,cs_hi,0.8947368421052632
fr_eng_s_e_s_n:316_cs_fr,cs_fr,0.7222222222222222
fr_eng_s_e_s_n:316_cs_hi,cs_hi,0.9622641509433962
fr_eng_s_e_s_n:317_cs_fr,cs_fr,0.8035714285714286
fr_eng_s_e_s_n:317_cs_hi,cs_hi,0.869281045751634
fr_eng_s_e_s_n:318_cs_fr,cs_fr,0.7285714285714285
fr_eng_s_e_s_n:318_cs_hi,cs_hi,0.8888888888888888
fr_eng_s_e_s_n:319_cs_fr,cs_fr,0.7575757575757576
fr_eng_s_e_s_n:319_cs_hi,cs_hi,0.8181818181818182
fr_eng_s_e_s_n:320_cs_fr,cs_fr,0.6535433070866141
fr_eng_s_e_s_n:320_cs_hi,cs_hi,0.7943262411347518
fr_eng_s_e_s_n:321_cs_fr,cs_fr,0.4782608695652174
fr_eng_s_e_s_n:321_cs_hi,cs_hi,0.8620689655172413
fr_eng_s_e_s_n:322_cs_fr,cs_fr,0.6666666666666666
fr_eng_s_e_s_n:322_cs_hi,cs_hi,0.7575757575757576
fr_eng_s_e_s_n:323_cs_fr,cs_fr,0.6538461538461539
fr_eng_s_e_s_n:323_cs_hi,cs_hi,0.6551724137931034
fr_eng_s_e_s_n:324_cs_fr,cs_fr,0.55
fr_eng_s_e_s_n:324_cs_hi,cs_hi,0.6694214876033058
fr_eng_s_e_s_n:325_cs_fr,cs_fr,0.75
fr_eng_s_e_s_n:325_cs_hi,cs_hi,0.95
fr_eng_s_e_s_n:326_cs_fr,cs_fr,0.8292682926829268
fr_eng_s_e_s_n:326_cs_hi,cs_hi,0.9122807017543859
fr_eng_s_e_s_n:327_cs_fr,cs_fr,0.6
fr_eng_s_e_s_n:327_cs_hi,cs_hi,0.918918918918919
fr_eng_s_e_s_n:328_cs_fr,cs_fr,0.8043478260869565
fr_eng_s_e_s_n:328_cs_hi,cs_hi,0.88
fr_eng_s_e_s_n:329_cs_fr,cs_fr,0.5365853658536586
fr_eng_s_e_s_n:329_cs_hi,cs_hi,0.9779411764705882
fr_eng_s_e_s_n:330_cs_fr,cs_fr,0.7419354838709677
fr_eng_s_e_s_n:330_cs_hi,cs_hi,0.9411764705882353
fr_eng_s_e_s_n:331_cs_fr,cs_fr,0.38461538461538464
fr_eng_s_e_s_n:331_cs_hi,cs_hi,0.6176470588235294
fr_eng_s_e_s_n:332_cs_fr,cs_fr,0.6052631578947368
fr_eng_s_e_s_n:332_cs_hi,cs_hi,0.7142857142857143
fr_eng_s_e_s_n:333_cs_fr,cs_fr,0.78125
fr_eng_s_e_s_n:333_cs_hi,cs_hi,0.9444444444444444
fr_eng_s_e_s_n:334_cs_fr,cs_fr,0.8974358974358975
fr_eng_s_e_s_n:334_cs_hi,cs_hi,0.9361702127659575
fr_eng_s_e_s_n:335_cs_fr,cs_fr,0.45714285714285713
fr_eng_s_e_s_n:335_cs_hi,cs_hi,0.782608695652174
fr_eng_s_e_s_n:336_cs_fr,cs_fr,0.5283018867924528
fr_eng_s_e_s_n:336_cs_hi,cs_hi,0.8125
fr_eng_s_e_s_n:337_cs_fr,cs_fr,0.7348484848484849
fr_eng_s_e_s_n:337_cs_hi,cs_hi,0.8222222222222222
fr_eng_s_e_s_n:338_cs_fr,cs_fr,0.6470588235294118
fr_eng_s_e_s_n:338_cs_hi,cs_hi,0.7361111111111112
fr_eng_s_e_s_n:339_cs_fr,cs_fr,0.6354166666666666
fr_eng_s_e_s_n:339_cs_hi,cs_hi,0.9457364341085271
fr_eng_s_e_s_n:340_cs_fr,cs_fr,0.7469879518072289
fr_eng_s_e_s_n:340_cs_hi,cs_hi,0.7719298245614035
fr_eng_s_e_s_n:341_cs_fr,cs_fr,0.5370370370370371
fr_eng_s_e_s_n:341_cs_hi,cs_hi,0.7785234899328859
fr_eng_s_e_s_n:342_cs_fr,cs_fr,0.6333333333333333
fr_eng_s_e_s_n:342_cs_hi,cs_hi,0.7674418604651163
fr_eng_s_e_s_n:343_cs_fr,cs_fr,0.5748031496062992
fr_eng_s_e_s_n:343_cs_hi,cs_hi,0.9013157894736842
fr_eng_s_e_s_n:344_cs_fr,cs_fr,0.625
fr_eng_s_e_s_n:344_cs_hi,cs_hi,0.6483516483516484
fr_eng_s_e_s_n:345_cs_fr,cs_fr,0.7692307692307693
fr_eng_s_e_s_n:345_cs_hi,cs_hi,0.8846153846153846
fr_eng_s_e_s_n:346_cs_fr,cs_fr,0.8
fr_eng_s_e_s_n:346_cs_hi,cs_hi,0.9591836734693877
fr_eng_s_e_s_n:347_cs_fr,cs_fr,0.7988826815642458
fr_eng_s_e_s_n:347_cs_hi,cs_hi,0.8826530612244898
fr_eng_s_e_s_n:348_cs_fr,cs_fr,0.5411764705882353
fr_eng_s_e_s_n:348_cs_hi,cs_hi,0.819047619047619
fr_eng_s_e_s_n:349_cs_fr,cs_fr,0.7397260273972602
fr_eng_s_e_s_n:349_cs_hi,cs_hi,0.9426229508196722
fr_eng_s_e_s_n:350_cs_fr,cs_fr,0.7840909090909091
fr_eng_s_e_s_n:350_cs_hi,cs_hi,0.9369369369369369
fr_eng_s_e_s_n:351_cs_fr,cs_fr,0.9285714285714286
fr_eng_s_e_s_n:351_cs_hi,cs_hi,0.9090909090909091
fr_eng_s_e_s_n:352_cs_fr,cs_fr,0.7906976744186046
fr_eng_s_e_s_n:352_cs_hi,cs_hi,0.85
fr_eng_s_e_s_n:353_cs_fr,cs_fr,0.8372093023255814
fr_eng_s_e_s_n:353_cs_hi,cs_hi,0.8823529411764706
fr_eng_s_e_s_n:354_cs_fr,cs_fr,0.6190476190476191
fr_eng_s_e_s_n:354_cs_hi,cs_hi,0.9204545454545454
fr_eng_s_e_s_n:355_cs_fr,cs_fr,0.5748031496062992
fr_eng_s_e_s_n:355_cs_hi,cs_hi,0.4864864864864865
fr_eng_s_e_s_n:356_cs_fr,cs_fr,0.8064516129032258
fr_eng_s_e_s_n:356_cs_hi,cs_hi,0.9545454545454546
fr_eng_s_e_s_n:357_cs_fr,cs_fr,0.5862068965517241
fr_eng_s_e_s_n:357_cs_hi,cs_hi,0.7410714285714286
fr_eng_s_e_s_n:358_cs_fr,cs_fr,0.7307692307692307
fr_eng_s_e_s_n:358_cs_hi,cs_hi,0.9090909090909091
fr_eng_s_e_s_n:359_cs_fr,cs_fr,0.4861111111111111
fr_eng_s_e_s_n:359_cs_hi,cs_hi,0.9338842975206612
fr_eng_s_e_s_n:360_cs_fr,cs_fr,0.4444444444444444
fr_eng_s_e_s_n:360_cs_hi,cs_hi,0.9393939393939394
fr_eng_s_e_s_n:361_cs_fr,cs_fr,0.7142857142857143
fr_eng_s_e_s_n:361_cs_hi,cs_hi,0.8846153846153846
fr_eng_s_e_s_n:362_cs_fr,cs_fr,0.6666666666666666
fr_eng_s_e_s_n:362_cs_hi,cs_hi,0.8545454545454545
fr_eng_s_e_s_n:363_cs_fr,cs_fr,0.65625
fr_eng_s_e_s_n:363_cs_hi,cs_hi,0.9076923076923077
fr_eng_s_e_s_n:364_cs_fr,cs_fr,0.7283950617283951
fr_eng_s_e_s_n:364_cs_hi,cs_hi,0.853448275862069
fr_eng_s_e_s_n:365_cs_fr,cs_fr,0.7
fr_eng_s_e_s_n:365_cs_hi,cs_hi,0.9302325581395349
fr_eng_s_e_s_n:366_cs_fr,cs_fr,0.6524822695035462
fr_eng_s_e_s_n:366_cs_hi,cs_hi,0.703125
fr_eng_s_e_s_n:367_cs_fr,cs_fr,0.6296296296296297
fr_eng_s_e_s_n:367_cs_hi,cs_hi,0.7317073170731707
fr_eng_s_e_s_n:368_cs_fr,cs_fr,0.6296296296296297
fr_eng_s_e_s_n:368_cs_hi,cs_hi,0.8837209302325582
fr_eng_s_e_s_n:369_cs_fr,cs_fr,0.52
fr_eng_s_e_s_n:369_cs_hi,cs_hi,0.8974358974358975
fr_eng_s_e_s_n:370_cs_fr,cs_fr,0.8376068376068376
fr_eng_s_e_s_n:370_cs_hi,cs_hi,0.906832298136646
fr_eng_s_e_s_n:371_cs_fr,cs_fr,0.6521739130434783
fr_eng_s_e_s_n:371_cs_hi,cs_hi,0.782608695652174
fr_eng_s_e_s_n:372_cs_fr,cs_fr,0.77
fr_eng_s_e_s_n:372_cs_hi,cs_hi,0.8449612403100775
fr_eng_s_e_s_n:373_cs_fr,cs_fr,0.6964285714285714
fr_eng_s_e_s_n:373_cs_hi,cs_hi,0.855072463768116
fr_eng_s_e_s_n:374_cs_fr,cs_fr,0.6309523809523809
fr_eng_s_e_s_n:374_cs_hi,cs_hi,0.8778625954198473
fr_eng_s_e_s_n:375_cs_fr,cs_fr,0.56
fr_eng_s_e_s_n:375_cs_hi,cs_hi,0.6333333333333333
fr_eng_s_e_s_n:376_cs_fr,cs_fr,0.6039603960396039
fr_eng_s_e_s_n:376_cs_hi,cs_hi,0.6893939393939394
fr_eng_s_e_s_n:377_cs_fr,cs_fr,0.6470588235294118
fr_eng_s_e_s_n:377_cs_hi,cs_hi,0.509090909090909
fr_eng_s_e_s_n:378_cs_fr,cs_fr,0.65
fr_eng_s_e_s_n:378_cs_hi,cs_hi,0.8666666666666667
fr_eng_s_e_s_n:379_cs_fr,cs_fr,0.7714285714285715
fr_eng_s_e_s_n:379_cs_hi,cs_hi,0.9202898550724637
fr_eng_s_e_s_n:380_cs_fr,cs_fr,0.7152777777777778
fr_eng_s_e_s_n:380_cs_hi,cs_hi,0.8553459119496856
fr_eng_s_e_s_n:381_cs_fr,cs_fr,0.8076923076923077
fr_eng_s_e_s_n:381_cs_hi,cs_hi,0.8987341772151899
fr_eng_s_e_s_n:382_cs_fr,cs_fr,0.5
fr_eng_s_e_s_n:382_cs_hi,cs_hi,0.717948717948718
fr_eng_s_e_s_n:383_cs_fr,cs_fr,0.6071428571428571
fr_eng_s_e_s_n:383_cs_hi,cs_hi,0.7
fr_eng_s_e_s_n:384_cs_fr,cs_fr,0.7625
fr_eng_s_e_s_n:384_cs_hi,cs_hi,0.8135593220338984
fr_eng_s_e_s_n:385_cs_fr,cs_fr,0.7865168539325843
fr_eng_s_e_s_n:385_cs_hi,cs_hi,0.9090909090909091
fr_eng_s_e_s_n:386_cs_fr,cs_fr,0.5652173913043478
fr_eng_s_e_s_n:386_cs_hi,cs_hi,0.7821782178217822
fr_eng_s_e_s_n:387_cs_fr,cs_fr,0.7009345794392523
fr_eng_s_e_s_n:387_cs_hi,cs_hi,0.9847715736040609
fr_eng_s_e_s_n:388_cs_fr,cs_fr,0.7666666666666667
fr_eng_s_e_s_n:388_cs_hi,cs_hi,0.8809523809523809
fr_eng_s_e_s_n:389_cs_fr,cs_fr,0.7529411764705882
fr_eng_s_e_s_n:389_cs_hi,cs_hi,0.8538461538461538
fr_eng_s_e_s_n:390_cs_fr,cs_fr,0.7755102040816326
fr_eng_s_e_s_n:390_cs_hi,cs_hi,0.7758620689655172
fr_eng_s_e_s_n:391_cs_fr,cs_fr,0.7090909090909091
fr_eng_s_e_s_n:391_cs_hi,cs_hi,0.9240506329113924
fr_eng_s_e_s_n:392_cs_fr,cs_fr,0.6962025316455697
fr_eng_s_e_s_n:392_cs_hi,cs_hi,0.7876106194690266
fr_eng_s_e_s_n:393_cs_fr,cs_fr,0.6666666666666666
fr_eng_s_e_s_n:393_cs_hi,cs_hi,0.7692307692307693
fr_eng_s_e_s_n:394_cs_fr,cs_fr,0.6608695652173913
fr_eng_s_e_s_n:394_cs_hi,cs_hi,0.8511627906976744
fr_eng_s_e_s_n:395_cs_fr,cs_fr,0.7096774193548387
fr_eng_s_e_s_n:395_cs_hi,cs_hi,0.8080808080808081
fr_eng_s_e_s_n:396_cs_fr,cs_fr,0.7303370786516854
fr_eng_s_e_s_n:396_cs_hi,cs_hi,0.9015151515151515
fr_eng_s_e_s_n:397_cs_fr,cs_fr,0.6206896551724138
fr_eng_s_e_s_n:397_cs_hi,cs_hi,0.7916666666666666
fr_eng_s_e_s_n:398_cs_fr,cs_fr,0.7903225806451613
fr_eng_s_e_s_n:398_cs_hi,cs_hi,0.8452380952380952
fr_eng_s_e_s_n:399_cs_fr,cs_fr,0.5689655172413793
fr_eng_s_e_s_n:399_cs_hi,cs_hi,0.7916666666666666
fr_eng_s_e_s_n:400_cs_fr,cs_fr,0.4
fr_eng_s_e_s_n:400_cs_hi,cs_hi,0.6666666666666666
fr_eng_s_e_s_n:401_cs_fr,cs_fr,0.7
fr_eng_s_e_s_n:401_cs_hi,cs_hi,0.8269230769230769
fr_eng_s_e_s_n:402_cs_fr,cs_fr,0.4461538461538462
fr_eng_s_e_s_n:402_cs_hi,cs_hi,0.8921568627450981
fr_eng_s_e_s_n:403_cs_fr,cs_fr,0.6309523809523809
fr_eng_s_e_s_n:403_cs_hi,cs_hi,0.7627118644067796
fr_eng_s_e_s_n:404_cs_fr,cs_fr,0.8113207547169812
fr_eng_s_e_s_n:404_cs_hi,cs_hi,0.9333333333333333
fr_eng_s_e_s_n:405_cs_fr,cs_fr,0.6320754716981132
fr_eng_s_e_s_n:405_cs_hi,cs_hi,0.6917293233082706
fr_eng_s_e_s_n:406_cs_fr,cs_fr,0.8279569892473119
fr_eng_s_e_s_n:406_cs_hi,cs_hi,0.8974358974358975
fr_eng_s_e_s_n:407_cs_fr,cs_fr,0.9090909090909091
fr_eng_s_e_s_n:407_cs_hi,cs_hi,0.9152542372881356
fr_eng_s_e_s_n:408_cs_fr,cs_fr,0.8518518518518519
fr_eng_s_e_s_n:408_cs_hi,cs_hi,0.8913043478260869
fr_eng_s_e_s_n:409_cs_fr,cs_fr,0.6444444444444445
fr_eng_s_e_s_n:409_cs_hi,cs_hi,0.9215686274509803
fr_eng_s_e_s_n:410_cs_fr,cs_fr,0.8645833333333334
fr_eng_s_e_s_n:410_cs_hi,cs_hi,0.6916666666666667
fr_eng_s_e_s_n:411_cs_fr,cs_fr,0.6382978723404256
fr_eng_s_e_s_n:411_cs_hi,cs_hi,0.717741935483871
fr_eng_s_e_s_n:412_cs_fr,cs_fr,0.693069306930693
fr_eng_s_e_s_n:412_cs_hi,cs_hi,0.7704918032786885
fr_eng_s_e_s_n:413_cs_fr,cs_fr,0.36666666666666664
fr_eng_s_e_s_n:413_cs_hi,cs_hi,0.5142857142857142
fr_eng_s_e_s_n:414_cs_fr,cs_fr,0.7027027027027027
fr_eng_s_e_s_n:414_cs_hi,cs_hi,0.8404255319148937
fr_eng_s_e_s_n:415_cs_fr,cs_fr,0.5949367088607594
fr_eng_s_e_s_n:415_cs_hi,cs_hi,0.911504424778761
fr_eng_s_e_s_n:416_cs_fr,cs_fr,0.7058823529411765
fr_eng_s_e_s_n:416_cs_hi,cs_hi,0.9197080291970803
fr_eng_s_e_s_n:417_cs_fr,cs_fr,0.5416666666666666
fr_eng_s_e_s_n:417_cs_hi,cs_hi,0.9428571428571428
fr_eng_s_e_s_n:418_cs_fr,cs_fr,0.6666666666666666
fr_eng_s_e_s_n:418_cs_hi,cs_hi,0.7631578947368421
fr_eng_s_e_s_n:419_cs_fr,cs_fr,0.7604166666666666
fr_eng_s_e_s_n:419_cs_hi,cs_hi,0.8161764705882353
fr_eng_s_e_s_n:420_cs_fr,cs_fr,0.7659574468085106
fr_eng_s_e_s_n:420_cs_hi,cs_hi,0.7755102040816326
fr_eng_s_e_s_n:421_cs_fr,cs_fr,0.5242718446601942
fr_eng_s_e_s_n:421_cs_hi,cs_hi,0.7538461538461538
fr_eng_s_e_s_n:422_cs_fr,cs_fr,0.7011494252873564
fr_eng_s_e_s_n:422_cs_hi,cs_hi,0.7610619469026548
fr_eng_s_e_s_n:423_cs_fr,cs_fr,0.6
fr_eng_s_e_s_n:423_cs_hi,cs_hi,0.8888888888888888
fr_eng_s_e_s_n:424_cs_fr,cs_fr,0.7264150943396226
fr_eng_s_e_s_n:424_cs_hi,cs_hi,0.8580645161290322
fr_eng_s_e_s_n:425_cs_fr,cs_fr,0.35714285714285715
fr_eng_s_e_s_n:425_cs_hi,cs_hi,0.9375
fr_eng_s_e_s_n:426_cs_fr,cs_fr,0.47058823529411764
fr_eng_s_e_s_n:426_cs_hi,cs_hi,0.776
fr_eng_s_e_s_n:427_cs_fr,cs_fr,0.7341772151898734
fr_eng_s_e_s_n:427_cs_hi,cs_hi,0.8712871287128713
fr_eng_s_e_s_n:428_cs_fr,cs_fr,0.684931506849315
fr_eng_s_e_s_n:428_cs_hi,cs_hi,0.9590163934426229
fr_eng_s_e_s_n:429_cs_fr,cs_fr,0.5217391304347826
fr_eng_s_e_s_n:429_cs_hi,cs_hi,0.9285714285714286
fr_eng_s_e_s_n:430_cs_fr,cs_fr,0.543859649122807
fr_eng_s_e_s_n:430_cs_hi,cs_hi,0.7176470588235294
fr_eng_s_e_s_n:431_cs_fr,cs_fr,0.8351648351648352
fr_eng_s_e_s_n:431_cs_hi,cs_hi,0.8943089430894309
fr_eng_s_e_s_n:432_cs_fr,cs_fr,0.75
fr_eng_s_e_s_n:432_cs_hi,cs_hi,0.8695652173913043
fr_eng_s_e_s_n:433_cs_fr,cs_fr,0.45454545454545453
fr_eng_s_e_s_n:433_cs_hi,cs_hi,0.6666666666666666
fr_eng_s_e_s_n:434_cs_fr,cs_fr,0.7131782945736435
fr_eng_s_e_s_n:434_cs_hi,cs_hi,0.7321428571428571
fr_eng_s_e_s_n:435_cs_fr,cs_fr,0.6571428571428571
fr_eng_s_e_s_n:435_cs_hi,cs_hi,0.8032786885245902
fr_eng_s_e_s_n:436_cs_fr,cs_fr,0.7096774193548387
fr_eng_s_e_s_n:436_cs_hi,cs_hi,0.5416666666666666
fr_eng_s_e_s_n:437_cs_fr,cs_fr,0.391304347826087
fr_eng_s_e_s_n:437_cs_hi,cs_hi,0.78
fr_eng_s_e_s_n:438_cs_fr,cs_fr,0.7142857142857143
fr_eng_s_e_s_n:438_cs_hi,cs_hi,0.8289473684210527
fr_eng_s_e_s_n:439_cs_fr,cs_fr,0.6823529411764706
fr_eng_s_e_s_n:439_cs_hi,cs_hi,0.8318965517241379
fr_eng_s_e_s_n:440_cs_fr,cs_fr,0.6
fr_eng_s_e_s_n:440_cs_hi,cs_hi,0.753731343283582
fr_eng_s_e_s_n:441_cs_fr,cs_fr,0.7473684210526316
fr_eng_s_e_s_n:441_cs_hi,cs_hi,0.9354838709677419
fr_eng_s_e_s_n:442_cs_fr,cs_fr,0.7252747252747253
fr_eng_s_e_s_n:442_cs_hi,cs_hi,0.7848101265822784
fr_eng_s_e_s_n:443_cs_fr,cs_fr,0.5233644859813084
fr_eng_s_e_s_n:443_cs_hi,cs_hi,0.7762237762237763
fr_eng_s_e_s_n:444_cs_fr,cs_fr,0.5703125
fr_eng_s_e_s_n:444_cs_hi,cs_hi,0.9112426035502958
fr_eng_s_e_s_n:445_cs_fr,cs_fr,0.8571428571428571
fr_eng_s_e_s_n:445_cs_hi,cs_hi,0.9166666666666666
fr_eng_s_e_s_n:446_cs_fr,cs_fr,0.68
fr_eng_s_e_s_n:446_cs_hi,cs_hi,0.9473684210526315
fr_eng_s_e_s_n:447_cs_fr,cs_fr,0.5757575757575758
fr_eng_s_e_s_n:447_cs_hi,cs_hi,0.8913043478260869
fr_eng_s_e_s_n:448_cs_fr,cs_fr,0.7349397590361446
fr_eng_s_e_s_n:448_cs_hi,cs_hi,0.8405797101449275
fr_eng_s_e_s_n:449_cs_fr,cs_fr,0.7475728155339806
fr_eng_s_e_s_n:449_cs_hi,cs_hi,0.8321678321678322
fr_eng_s_e_s_n:450_cs_fr,cs_fr,0.6338028169014085
fr_eng_s_e_s_n:450_cs_hi,cs_hi,0.8202247191011236
fr_eng_s_e_s_n:451_cs_fr,cs_fr,0.8387096774193549
fr_eng_s_e_s_n:451_cs_hi,cs_hi,0.8695652173913043
fr_eng_s_e_s_n:452_cs_fr,cs_fr,0.4883720930232558
fr_eng_s_e_s_n:452_cs_hi,cs_hi,0.9692307692307692
fr_eng_s_e_s_n:453_cs_fr,cs_fr,0.25806451612903225
fr_eng_s_e_s_n:453_cs_hi,cs_hi,0.7647058823529411
fr_eng_s_e_s_n:454_cs_fr,cs_fr,0.5671641791044776
fr_eng_s_e_s_n:454_cs_hi,cs_hi,0.8953488372093024
fr_eng_s_e_s_n:455_cs_fr,cs_fr,0.6557377049180327
fr_eng_s_e_s_n:455_cs_hi,cs_hi,0.8717948717948718
fr_eng_s_e_s_n:456_cs_fr,cs_fr,0.7532467532467533
fr_eng_s_e_s_n:456_cs_hi,cs_hi,0.8053097345132744
fr_eng_s_e_s_n:457_cs_fr,cs_fr,0.6304347826086957
fr_eng_s_e_s_n:457_cs_hi,cs_hi,0.9285714285714286
fr_eng_s_e_s_n:458_cs_fr,cs_fr,0.7636363636363637
fr_eng_s_e_s_n:458_cs_hi,cs_hi,0.9047619047619048
fr_eng_s_e_s_n:459_cs_fr,cs_fr,0.65
fr_eng_s_e_s_n:459_cs_hi,cs_hi,0.9090909090909091
fr_eng_s_e_s_n:460_cs_fr,cs_fr,0.6086956521739131
fr_eng_s_e_s_n:460_cs_hi,cs_hi,0.9285714285714286
fr_eng_s_e_s_n:461_cs_fr,cs_fr,0.5925925925925926
fr_eng_s_e_s_n:461_cs_hi,cs_hi,0.8235294117647058
fr_eng_s_e_s_n:462_cs_fr,cs_fr,0.5227272727272727
fr_eng_s_e_s_n:462_cs_hi,cs_hi,0.6875
fr_eng_s_e_s_n:463_cs_fr,cs_fr,0.6545454545454545
fr_eng_s_e_s_n:463_cs_hi,cs_hi,0.8169014084507042
fr_eng_s_e_s_n:464_cs_fr,cs_fr,0.6071428571428571
fr_eng_s_e_s_n:464_cs_hi,cs_hi,0.6086956521739131
fr_eng_s_e_s_n:465_cs_fr,cs_fr,0.8604651162790697
fr_eng_s_e_s_n:465_cs_hi,cs_hi,0.9504950495049505
fr_eng_s_e_s_n:466_cs_fr,cs_fr,0.5135135135135135
fr_eng_s_e_s_n:466_cs_hi,cs_hi,0.8260869565217391
fr_eng_s_e_s_n:467_cs_fr,cs_fr,0.5652173913043478
fr_eng_s_e_s_n:467_cs_hi,cs_hi,0.8645833333333334
fr_eng_s_e_s_n:468_cs_fr,cs_fr,0.6333333333333333
fr_eng_s_e_s_n:468_cs_hi,cs_hi,0.7027027027027027
fr_eng_s_e_s_n:469_cs_fr,cs_fr,0.6846153846153846
fr_eng_s_e_s_n:469_cs_hi,cs_hi,0.7176470588235294
fr_eng_s_e_s_n:470_cs_fr,cs_fr,0.6326530612244898
fr_eng_s_e_s_n:470_cs_hi,cs_hi,0.8732394366197183
fr_eng_s_e_s_n:471_cs_fr,cs_fr,0.48148148148148145
fr_eng_s_e_s_n:471_cs_hi,cs_hi,0.7868852459016393
fr_eng_s_e_s_n:472_cs_fr,cs_fr,0.8181818181818182
fr_eng_s_e_s_n:472_cs_hi,cs_hi,0.813953488372093
fr_eng_s_e_s_n:473_cs_fr,cs_fr,0.5573770491803278
fr_eng_s_e_s_n:473_cs_hi,cs_hi,0.9285714285714286
fr_eng_s_e_s_n:474_cs_fr,cs_fr,0.7058823529411765
fr_eng_s_e_s_n:474_cs_hi,cs_hi,0.8831168831168831
fr_eng_s_e_s_n:475_cs_fr,cs_fr,0.5151515151515151
fr_eng_s_e_s_n:475_cs_hi,cs_hi,0.6666666666666666
fr_eng_s_e_s_n:476_cs_fr,cs_fr,0.8611111111111112
fr_eng_s_e_s_n:476_cs_hi,cs_hi,0.5675675675675675
fr_eng_s_e_s_n:477_cs_fr,cs_fr,0.8316831683168316
fr_eng_s_e_s_n:477_cs_hi,cs_hi,0.8
fr_eng_s_e_s_n:478_cs_fr,cs_fr,0.7352941176470589
fr_eng_s_e_s_n:478_cs_hi,cs_hi,0.8135593220338984
fr_eng_s_e_s_n:479_cs_fr,cs_fr,0.7798165137614679
fr_eng_s_e_s_n:479_cs_hi,cs_hi,0.8289473684210527
fr_eng_s_e_s_n:480_cs_fr,cs_fr,0.7282608695652174
fr_eng_s_e_s_n:480_cs_hi,cs_hi,0.8134328358208955
fr_eng_s_e_s_n:481_cs_fr,cs_fr,0.6595744680851063
fr_eng_s_e_s_n:481_cs_hi,cs_hi,0.6875
fr_eng_s_e_s_n:482_cs_fr,cs_fr,0.7380952380952381
fr_eng_s_e_s_n:482_cs_hi,cs_hi,0.8956521739130435
fr_eng_s_e_s_n:483_cs_fr,cs_fr,0.7101449275362319
fr_eng_s_e_s_n:483_cs_hi,cs_hi,0.7272727272727273
fr_eng_s_e_s_n:484_cs_fr,cs_fr,0.7096774193548387
fr_eng_s_e_s_n:484_cs_hi,cs_hi,0.7246376811594203
fr_eng_s_e_s_n:485_cs_fr,cs_fr,0.6470588235294118
fr_eng_s_e_s_n:485_cs_hi,cs_hi,0.735632183908046
fr_eng_s_e_s_n:486_cs_fr,cs_fr,0.7352941176470589
fr_eng_s_e_s_n:486_cs_hi,cs_hi,0.8733333333333333
fr_eng_s_e_s_n:487_cs_fr,cs_fr,0.7352941176470589
fr_eng_s_e_s_n:487_cs_hi,cs_hi,0.9424460431654677
fr_eng_s_e_s_n:488_cs_fr,cs_fr,0.7254901960784313
fr_eng_s_e_s_n:488_cs_hi,cs_hi,0.8714285714285714
fr_eng_s_e_s_n:489_cs_fr,cs_fr,0.6575342465753424
fr_eng_s_e_s_n:489_cs_hi,cs_hi,0.6666666666666666
fr_eng_s_e_s_n:490_cs_fr,cs_fr,0.5652173913043478
fr_eng_s_e_s_n:490_cs_hi,cs_hi,0.813953488372093
fr_eng_s_e_s_n:491_cs_fr,cs_fr,0.8240740740740741
fr_eng_s_e_s_n:491_cs_hi,cs_hi,0.9185185185185185
fr_eng_s_e_s_n:492_cs_fr,cs_fr,0.5647058823529412
fr_eng_s_e_s_n:492_cs_hi,cs_hi,0.6822429906542056
fr_eng_s_e_s_n:493_cs_fr,cs_fr,0.5454545454545454
fr_eng_s_e_s_n:493_cs_hi,cs_hi,0.9607843137254902
fr_eng_s_e_s_n:494_cs_fr,cs_fr,0.6507936507936508
fr_eng_s_e_s_n:494_cs_hi,cs_hi,0.9347826086956522
fr_eng_s_e_s_n:495_cs_fr,cs_fr,0.581081081081081
fr_eng_s_e_s_n:495_cs_hi,cs_hi,0.875
fr_eng_s_e_s_n:496_cs_fr,cs_fr,0.7674418604651163
fr_eng_s_e_s_n:496_cs_hi,cs_hi,0.9024390243902439
fr_eng_s_e_s_n:497_cs_fr,cs_fr,0.7313432835820896
fr_eng_s_e_s_n:497_cs_hi,cs_hi,0.9469026548672567
fr_eng_s_e_s_n:498_cs_fr,cs_fr,0.5348837209302325
fr_eng_s_e_s_n:498_cs_hi,cs_hi,0.6896551724137931
fr_eng_s_e_s_n:499_cs_fr,cs_fr,0.5934065934065934
fr_eng_s_e_s_n:499_cs_hi,cs_hi,0.8873239436619719
fr_eng_s_e_s_n:500_cs_fr,cs_fr,0.5833333333333334
fr_eng_s_e_s_n:500_cs_hi,cs_hi,0.6470588235294118
fr_eng_s_e_s_n:501_cs_fr,cs_fr,0.5357142857142857
fr_eng_s_e_s_n:501_cs_hi,cs_hi,0.9440559440559441
fr_eng_s_e_s_n:502_cs_fr,cs_fr,0.7659574468085106
fr_eng_s_e_s_n:502_cs_hi,cs_hi,0.890625
fr_eng_s_e_s_n:503_cs_fr,cs_fr,0.8461538461538461
fr_eng_s_e_s_n:503_cs_hi,cs_hi,0.9393939393939394
fr_eng_s_e_s_n:504_cs_fr,cs_fr,0.5416666666666666
fr_eng_s_e_s_n:504_cs_hi,cs_hi,0.7529411764705882
fr_eng_s_e_s_n:505_cs_fr,cs_fr,0.6435643564356436
fr_eng_s_e_s_n:505_cs_hi,cs_hi,0.90625
fr_eng_s_e_s_n:506_cs_fr,cs_fr,0.7413793103448276
fr_eng_s_e_s_n:506_cs_hi,cs_hi,0.819672131147541
fr_eng_s_e_s_n:507_cs_fr,cs_fr,0.5
fr_eng_s_e_s_n:507_cs_hi,cs_hi,0.7777777777777778
fr_eng_s_e_s_n:508_cs_fr,cs_fr,0.69
fr_eng_s_e_s_n:508_cs_hi,cs_hi,0.8591549295774648
fr_eng_s_e_s_n:509_cs_fr,cs_fr,0.76
fr_eng_s_e_s_n:509_cs_hi,cs_hi,0.82
fr_eng_s_e_s_n:510_cs_fr,cs_fr,0.625
fr_eng_s_e_s_n:510_cs_hi,cs_hi,0.7557251908396947
fr_eng_s_e_s_n:511_cs_fr,cs_fr,0.40476190476190477
fr_eng_s_e_s_n:511_cs_hi,cs_hi,0.660377358490566
fr_eng_s_e_s_n:512_cs_fr,cs_fr,0.5913978494623656
fr_eng_s_e_s_n:512_cs_hi,cs_hi,0.7611940298507462
fr_eng_s_e_s_n:513_cs_fr,cs_fr,0.56
fr_eng_s_e_s_n:513_cs_hi,cs_hi,0.8947368421052632
fr_eng_s_e_s_n:514_cs_fr,cs_fr,0.5063291139240507
fr_eng_s_e_s_n:514_cs_hi,cs_hi,0.8165137614678899
fr_eng_s_e_s_n:515_cs_fr,cs_fr,0.6635514018691588
fr_eng_s_e_s_n:515_cs_hi,cs_hi,0.7058823529411765
fr_eng_s_e_s_n:516_cs_fr,cs_fr,0.5142857142857142
fr_eng_s_e_s_n:516_cs_hi,cs_hi,0.9166666666666666
fr_eng_s_e_s_n:517_cs_fr,cs_fr,0.7083333333333334
fr_eng_s_e_s_n:517_cs_hi,cs_hi,0.9736842105263158
fr_eng_s_e_s_n:518_cs_fr,cs_fr,0.6612903225806451
fr_eng_s_e_s_n:518_cs_hi,cs_hi,0.8470588235294118
fr_eng_s_e_s_n:519_cs_fr,cs_fr,0.5769230769230769
fr_eng_s_e_s_n:519_cs_hi,cs_hi,0.8
fr_eng_s_e_s_n:520_cs_fr,cs_fr,0.7368421052631579
fr_eng_s_e_s_n:520_cs_hi,cs_hi,0.7777777777777778
fr_eng_s_e_s_n:521_cs_fr,cs_fr,0.620253164556962
fr_eng_s_e_s_n:521_cs_hi,cs_hi,0.6261682242990654
fr_eng_s_e_s_n:522_cs_fr,cs_fr,0.5172413793103449
fr_eng_s_e_s_n:522_cs_hi,cs_hi,0.9375
fr_eng_s_e_s_n:523_cs_fr,cs_fr,0.6551724137931034
fr_eng_s_e_s_n:523_cs_hi,cs_hi,0.9583333333333334
fr_eng_s_e_s_n:524_cs_fr,cs_fr,0.6818181818181818
fr_eng_s_e_s_n:524_cs_hi,cs_hi,0.8928571428571429
fr_eng_s_e_s_n:525_cs_fr,cs_fr,0.6986301369863014
fr_eng_s_e_s_n:525_cs_hi,cs_hi,0.64
fr_eng_s_e_s_n:526_cs_fr,cs_fr,0.5822784810126582
fr_eng_s_e_s_n:526_cs_hi,cs_hi,0.6701030927835051
fr_eng_s_e_s_n:527_cs_fr,cs_fr,0.5959595959595959
fr_eng_s_e_s_n:527_cs_hi,cs_hi,0.648
fr_eng_s_e_s_n:528_cs_fr,cs_fr,0.4444444444444444
fr_eng_s_e_s_n:528_cs_hi,cs_hi,0.8846153846153846
fr_eng_s_e_s_n:529_cs_fr,cs_fr,0.8064516129032258
fr_eng_s_e_s_n:529_cs_hi,cs_hi,0.8181818181818182
fr_eng_s_e_s_n:530_cs_fr,cs_fr,0.6867469879518072
fr_eng_s_e_s_n:530_cs_hi,cs_hi,0.8620689655172413
fr_eng_s_e_s_n:531_cs_fr,cs_fr,0.5652173913043478
fr_eng_s_e_s_n:531_cs_hi,cs_hi,0.6941176470588235
fr_eng_s_e_s_n:532_cs_fr,cs_fr,0.6956521739130435
fr_eng_s_e_s_n:532_cs_hi,cs_hi,0.9795918367346939
fr_eng_s_e_s_n:533_cs_fr,cs_fr,0.8712871287128713
fr_eng_s_e_s_n:533_cs_hi,cs_hi,0.8962962962962963
fr_eng_s_e_s_n:534_cs_fr,cs_fr,0.8415841584158416
fr_eng_s_e_s_n:534_cs_hi,cs_hi,0.896551724137931
fr_eng_s_e_s_n:535_cs_fr,cs_fr,0.640625
fr_eng_s_e_s_n:535_cs_hi,cs_hi,0.7888888888888889
fr_eng_s_e_s_n:536_cs_fr,cs_fr,0.8666666666666667
fr_eng_s_e_s_n:536_cs_hi,cs_hi,0.9432624113475178
fr_eng_s_e_s_n:537_cs_fr,cs_fr,0.6153846153846154
fr_eng_s_e_s_n:537_cs_hi,cs_hi,0.8285714285714286
fr_eng_s_e_s_n:538_cs_fr,cs_fr,0.6119402985074627
fr_eng_s_e_s_n:538_cs_hi,cs_hi,0.7183098591549296
fr_eng_s_e_s_n:539_cs_fr,cs_fr,0.6857142857142857
fr_eng_s_e_s_n:539_cs_hi,cs_hi,0.9274193548387096
fr_eng_s_e_s_n:540_cs_fr,cs_fr,0.2857142857142857
fr_eng_s_e_s_n:540_cs_hi,cs_hi,0.5945945945945946
fr_eng_s_e_s_n:541_cs_fr,cs_fr,0.42857142857142855
fr_eng_s_e_s_n:541_cs_hi,cs_hi,0.7123287671232876
fr_eng_s_e_s_n:542_cs_fr,cs_fr,0.7474747474747475
fr_eng_s_e_s_n:542_cs_hi,cs_hi,0.680672268907563
fr_eng_s_e_s_n:543_cs_fr,cs_fr,0.4878048780487805
fr_eng_s_e_s_n:543_cs_hi,cs_hi,0.7777777777777778
fr_eng_s_e_s_n:544_cs_fr,cs_fr,0.84375
fr_eng_s_e_s_n:544_cs_hi,cs_hi,0.8170731707317073
fr_eng_s_e_s_n:545_cs_fr,cs_fr,0.732620320855615
fr_eng_s_e_s_n:545_cs_hi,cs_hi,0.8634538152610441
fr_eng_s_e_s_n:546_cs_fr,cs_fr,0.5178571428571429
fr_eng_s_e_s_n:546_cs_hi,cs_hi,0.7662337662337663
fr_eng_s_e_s_n:547_cs_fr,cs_fr,0.5
fr_eng_s_e_s_n:547_cs_hi,cs_hi,0.9444444444444444
fr_eng_s_e_s_n:548_cs_fr,cs_fr,0.6333333333333333
fr_eng_s_e_s_n:548_cs_hi,cs_hi,0.8571428571428571
fr_eng_s_e_s_n:549_cs_fr,cs_fr,0.5324675324675324
fr_eng_s_e_s_n:549_cs_hi,cs_hi,0.773109243697479
fr_eng_s_e_s_n:550_cs_fr,cs_fr,0.6956521739130435
fr_eng_s_e_s_n:550_cs_hi,cs_hi,0.8503937007874016
fr_eng_s_e_s_n:551_cs_fr,cs_fr,0.7125
fr_eng_s_e_s_n:551_cs_hi,cs_hi,0.8290598290598291
fr_eng_s_e_s_n:552_cs_fr,cs_fr,0.6621621621621622
fr_eng_s_e_s_n:552_cs_hi,cs_hi,0.6790123456790124
fr_eng_s_e_s_n:553_cs_fr,cs_fr,0.5287356321839081
fr_eng_s_e_s_n:553_cs_hi,cs_hi,0.6634615384615384
fr_eng_s_e_s_n:554_cs_fr,cs_fr,0.7109375
fr_eng_s_e_s_n:554_cs_hi,cs_hi,0.8585858585858586
fr_eng_s_e_s_n:555_cs_fr,cs_fr,0.6111111111111112
fr_eng_s_e_s_n:555_cs_hi,cs_hi,0.7553191489361702
fr_eng_s_e_s_n:556_cs_fr,cs_fr,0.8918918918918919
fr_eng_s_e_s_n:556_cs_hi,cs_hi,0.9534883720930233
fr_eng_s_e_s_n:557_cs_fr,cs_fr,0.725
fr_eng_s_e_s_n:557_cs_hi,cs_hi,0.9763779527559056
fr_eng_s_e_s_n:558_cs_fr,cs_fr,0.7058823529411765
fr_eng_s_e_s_n:558_cs_hi,cs_hi,0.9253731343283582
fr_eng_s_e_s_n:559_cs_fr,cs_fr,0.5632183908045977
fr_eng_s_e_s_n:559_cs_hi,cs_hi,0.7798165137614679
fr_eng_s_e_s_n:560_cs_fr,cs_fr,0.6326530612244898
fr_eng_s_e_s_n:560_cs_hi,cs_hi,0.8203125
fr_eng_s_e_s_n:561_cs_fr,cs_fr,0.6571428571428571
fr_eng_s_e_s_n:561_cs_hi,cs_hi,0.7578947368421053
fr_eng_s_e_s_n:562_cs_fr,cs_fr,0.5737704918032787
fr_eng_s_e_s_n:562_cs_hi,cs_hi,0.98
fr_eng_s_e_s_n:563_cs_fr,cs_fr,0.580952380952381
fr_eng_s_e_s_n:563_cs_hi,cs_hi,0.6390977443609023
fr_eng_s_e_s_n:564_cs_fr,cs_fr,0.7833333333333333
fr_eng_s_e_s_n:564_cs_hi,cs_hi,0.9027777777777778
fr_eng_s_e_s_n:565_cs_fr,cs_fr,0.7166666666666667
fr_eng_s_e_s_n:565_cs_hi,cs_hi,0.8732394366197183
fr_eng_s_e_s_n:566_cs_fr,cs_fr,0.6875
fr_eng_s_e_s_n:566_cs_hi,cs_hi,0.8604651162790697
fr_eng_s_e_s_n:567_cs_fr,cs_fr,0.5303030303030303
fr_eng_s_e_s_n:567_cs_hi,cs_hi,0.7954545454545454
fr_eng_s_e_s_n:568_cs_fr,cs_fr,0.4777777777777778
fr_eng_s_e_s_n:568_cs_hi,cs_hi,0.8650793650793651
fr_eng_s_e_s_n:569_cs_fr,cs_fr,0.8067226890756303
fr_eng_s_e_s_n:569_cs_hi,cs_hi,0.7933333333333333
fr_eng_s_e_s_n:570_cs_fr,cs_fr,0.4927536231884058
fr_eng_s_e_s_n:570_cs_hi,cs_hi,0.7040816326530612
fr_eng_s_e_s_n:571_cs_fr,cs_fr,0.75
fr_eng_s_e_s_n:571_cs_hi,cs_hi,0.6048387096774194
fr_eng_s_e_s_n:572_cs_fr,cs_fr,0.55
fr_eng_s_e_s_n:572_cs_hi,cs_hi,0.9285714285714286
fr_eng_s_e_s_n:573_cs_fr,cs_fr,0.7901234567901234
fr_eng_s_e_s_n:573_cs_hi,cs_hi,0.8205128205128205
fr_eng_s_e_s_n:574_cs_fr,cs_fr,0.3448275862068966
fr_eng_s_e_s_n:574_cs_hi,cs_hi,0.825
fr_eng_s_e_s_n:575_cs_fr,cs_fr,0.7368421052631579
fr_eng_s_e_s_n:575_cs_hi,cs_hi,0.676923076923077
fr_eng_s_e_s_n:576_cs_fr,cs_fr,0.6991150442477876
fr_eng_s_e_s_n:576_cs_hi,cs_hi,0.879746835443038
fr_eng_s_e_s_n:577_cs_fr,cs_fr,0.6111111111111112
fr_eng_s_e_s_n:577_cs_hi,cs_hi,0.8604651162790697
fr_eng_s_e_s_n:578_cs_fr,cs_fr,0.6463414634146342
fr_eng_s_e_s_n:578_cs_hi,cs_hi,0.6785714285714286
fr_eng_s_e_s_n:579_cs_fr,cs_fr,0.6166666666666667
fr_eng_s_e_s_n:579_cs_hi,cs_hi,0.8351648351648352
fr_eng_s_e_s_n:580_cs_fr,cs_fr,0.52
fr_eng_s_e_s_n:580_cs_hi,cs_hi,0.7777777777777778
fr_eng_s_e_s_n:581_cs_fr,cs_fr,0.5681818181818182
fr_eng_s_e_s_n:581_cs_hi,cs_hi,0.8531468531468531
fr_eng_s_e_s_n:582_cs_fr,cs_fr,0.6454545454545455
fr_eng_s_e_s_n:582_cs_hi,cs_hi,0.8782051282051282
fr_eng_s_e_s_n:583_cs_fr,cs_fr,0.6763005780346821
fr_eng_s_e_s_n:583_cs_hi,cs_hi,0.5424836601307189
fr_eng_s_e_s_n:584_cs_fr,cs_fr,0.5232558139534884
fr_eng_s_e_s_n:584_cs_hi,cs_hi,0.8739495798319328
fr_eng_s_e_s_n:585_cs_fr,cs_fr,0.6486486486486487
fr_eng_s_e_s_n:585_cs_hi,cs_hi,0.7843137254901961
fr_eng_s_e_s_n:586_cs_fr,cs_fr,0.49523809523809526
fr_eng_s_e_s_n:586_cs_hi,cs_hi,0.9533333333333334
fr_eng_s_e_s_n:587_cs_fr,cs_fr,0.6464646464646465
fr_eng_s_e_s_n:587_cs_hi,cs_hi,0.8270676691729323
fr_eng_s_e_s_n:588_cs_fr,cs_fr,0.7083333333333334
fr_eng_s_e_s_n:588_cs_hi,cs_hi,0.8214285714285714
fr_eng_s_e_s_n:589_cs_fr,cs_fr,0.6235294117647059
fr_eng_s_e_s_n:589_cs_hi,cs_hi,0.9659863945578231
fr_eng_s_e_s_n:590_cs_fr,cs_fr,0.6
fr_eng_s_e_s_n:590_cs_hi,cs_hi,0.9487179487179487
fr_eng_s_e_s_n:591_cs_fr,cs_fr,0.6212121212121212
fr_eng_s_e_s_n:591_cs_hi,cs_hi,0.9725274725274725
fr_eng_s_e_s_n:592_cs_fr,cs_fr,0.7297297297297297
fr_eng_s_e_s_n:592_cs_hi,cs_hi,0.6046511627906976
fr_eng_s_e_s_n:593_cs_fr,cs_fr,0.6125
fr_eng_s_e_s_n:593_cs_hi,cs_hi,0.7241379310344828
fr_eng_s_e_s_n:594_cs_fr,cs_fr,0.7244897959183674
fr_eng_s_e_s_n:594_cs_hi,cs_hi,0.7603305785123967
fr_eng_s_e_s_n:595_cs_fr,cs_fr,0.7
fr_eng_s_e_s_n:595_cs_hi,cs_hi,0.8767123287671232
fr_eng_s_e_s_n:596_cs_fr,cs_fr,0.6
fr_eng_s_e_s_n:596_cs_hi,cs_hi,0.84
fr_eng_s_e_s_n:597_cs_fr,cs_fr,0.6203703703703703
fr_eng_s_e_s_n:597_cs_hi,cs_hi,0.7605633802816901
fr_eng_s_e_s_n:598_cs_fr,cs_fr,0.6521739130434783
fr_eng_s_e_s_n:598_cs_hi,cs_hi,0.8985507246376812
fr_eng_s_e_s_n:599_cs_fr,cs_fr,0.8548387096774194
fr_eng_s_e_s_n:599_cs_hi,cs_hi,0.9111111111111111
fr_eng_s_e_s_n:600_cs_fr,cs_fr,0.735632183908046
fr_eng_s_e_s_n:600_cs_hi,cs_hi,0.9259259259259259
fr_eng_s_e_s_n:601_cs_fr,cs_fr,0.6940298507462687
fr_eng_s_e_s_n:601_cs_hi,cs_hi,0.9166666666666666
fr_eng_s_e_s_n:602_cs_fr,cs_fr,0.5922330097087378
fr_eng_s_e_s_n:602_cs_hi,cs_hi,0.8113207547169812
fr_eng_s_e_s_n:603_cs_fr,cs_fr,0.6666666666666666
fr_eng_s_e_s_n:603_cs_hi,cs_hi,0.6761904761904762
fr_eng_s_e_s_n:604_cs_fr,cs_fr,0.5454545454545454
fr_eng_s_e_s_n:604_cs_hi,cs_hi,0.7457627118644068
fr_eng_s_e_s_n:605_cs_fr,cs_fr,0.6477272727272727
fr_eng_s_e_s_n:605_cs_hi,cs_hi,0.7079646017699115
fr_eng_s_e_s_n:606_cs_fr,cs_fr,0.6391752577319587
fr_eng_s_e_s_n:606_cs_hi,cs_hi,0.9166666666666666
fr_eng_s_e_s_n:607_cs_fr,cs_fr,0.5319148936170213
fr_eng_s_e_s_n:607_cs_hi,cs_hi,0.8962962962962963
fr_eng_s_e_s_n:608_cs_fr,cs_fr,0.5542168674698795
fr_eng_s_e_s_n:608_cs_hi,cs_hi,0.6923076923076923
fr_eng_s_e_s_n:609_cs_fr,cs_fr,0.6636363636363637
fr_eng_s_e_s_n:609_cs_hi,cs_hi,0.75177304964539
fr_eng_s_e_s_n:610_cs_fr,cs_fr,0.72
fr_eng_s_e_s_n:610_cs_hi,cs_hi,0.7205882352941176
fr_eng_s_e_s_n:611_cs_fr,cs_fr,0.7111111111111111
fr_eng_s_e_s_n:611_cs_hi,cs_hi,0.9344262295081968
fr_eng_s_e_s_n:612_cs_fr,cs_fr,0.7017543859649122
fr_eng_s_e_s_n:612_cs_hi,cs_hi,0.9368421052631579
fr_eng_s_e_s_n:613_cs_fr,cs_fr,0.625
fr_eng_s_e_s_n:613_cs_hi,cs_hi,0.8387096774193549
fr_eng_s_e_s_n:614_cs_fr,cs_fr,0.5811965811965812
fr_eng_s_e_s_n:614_cs_hi,cs_hi,0.9119496855345912
fr_eng_s_e_s_n:615_cs_fr,cs_fr,0.8131868131868132
fr_eng_s_e_s_n:615_cs_hi,cs_hi,0.8768115942028986
fr_eng_s_e_s_n:616_cs_fr,cs_fr,0.6896551724137931
fr_eng_s_e_s_n:616_cs_hi,cs_hi,0.8888888888888888
fr_eng_s_e_s_n:617_cs_fr,cs_fr,0.696969696969697
fr_eng_s_e_s_n:617_cs_hi,cs_hi,0.8103448275862069
fr_eng_s_e_s_n:618_cs_fr,cs_fr,0.6451612903225806
fr_eng_s_e_s_n:618_cs_hi,cs_hi,0.8
fr_eng_s_e_s_n:619_cs_fr,cs_fr,0.7777777777777778
fr_eng_s_e_s_n:619_cs_hi,cs_hi,0.84375
fr_eng_s_e_s_n:620_cs_fr,cs_fr,0.673469387755102
fr_eng_s_e_s_n:620_cs_hi,cs_hi,0.8823529411764706
fr_eng_s_e_s_n:621_cs_fr,cs_fr,0.5225225225225225
fr_eng_s_e_s_n:621_cs_hi,cs_hi,0.7122302158273381
fr_eng_s_e_s_n:622_cs_fr,cs_fr,0.6470588235294118
fr_eng_s_e_s_n:622_cs_hi,cs_hi,0.8740740740740741
fr_eng_s_e_s_n:623_cs_fr,cs_fr,0.46153846153846156
fr_eng_s_e_s_n:623_cs_hi,cs_hi,0.7236842105263158
fr_eng_s_e_s_n:624_cs_fr,cs_fr,0.6060606060606061
fr_eng_s_e_s_n:624_cs_hi,cs_hi,0.7415730337078652
fr_eng_s_e_s_n:625_cs_fr,cs_fr,0.6704545454545454
fr_eng_s_e_s_n:625_cs_hi,cs_hi,0.6771653543307087
fr_eng_s_e_s_n:626_cs_fr,cs_fr,0.6964285714285714
fr_eng_s_e_s_n:626_cs_hi,cs_hi,0.9078947368421053
fr_eng_s_e_s_n:627_cs_fr,cs_fr,0.6129032258064516
fr_eng_s_e_s_n:627_cs_hi,cs_hi,0.9213483146067416
fr_eng_s_e_s_n:628_cs_fr,cs_fr,0.7191011235955056
fr_eng_s_e_s_n:628_cs_hi,cs_hi,0.8
fr_eng_s_e_s_n:629_cs_fr,cs_fr,0.6333333333333333
fr_eng_s_e_s_n:629_cs_hi,cs_hi,0.675
fr_eng_s_e_s_n:630_cs_fr,cs_fr,0.6666666666666666
fr_eng_s_e_s_n:630_cs_hi,cs_hi,0.9038461538461539
fr_eng_s_e_s_n:631_cs_fr,cs_fr,0.7209302325581395
fr_eng_s_e_s_n:631_cs_hi,cs_hi,0.9032258064516129
fr_eng_s_e_s_n:632_cs_fr,cs_fr,0.696969696969697
fr_eng_s_e_s_n:632_cs_hi,cs_hi,0.9454545454545454
fr_eng_s_e_s_n:633_cs_fr,cs_fr,0.6517857142857143
fr_eng_s_e_s_n:633_cs_hi,cs_hi,0.9506172839506173
fr_eng_s_e_s_n:634_cs_fr,cs_fr,0.6896551724137931
fr_eng_s_e_s_n:634_cs_hi,cs_hi,0.9107142857142857
fr_eng_s_e_s_n:635_cs_fr,cs_fr,0.72
fr_eng_s_e_s_n:635_cs_hi,cs_hi,0.9027777777777778
fr_eng_s_e_s_n:636_cs_fr,cs_fr,0.39285714285714285
fr_eng_s_e_s_n:636_cs_hi,cs_hi,0.8679245283018868
fr_eng_s_e_s_n:637_cs_fr,cs_fr,0.7387387387387387
fr_eng_s_e_s_n:637_cs_hi,cs_hi,0.825
fr_eng_s_e_s_n:638_cs_fr,cs_fr,0.56
fr_eng_s_e_s_n:638_cs_hi,cs_hi,0.9130434782608695
fr_eng_s_e_s_n:639_cs_fr,cs_fr,0.6601941747572816
fr_eng_s_e_s_n:639_cs_hi,cs_hi,0.921875
fr_eng_s_e_s_n:640_cs_fr,cs_fr,0.5148514851485149
fr_eng_s_e_s_n:640_cs_hi,cs_hi,0.9631901840490797
fr_eng_s_e_s_n:641_cs_fr,cs_fr,0.8
fr_eng_s_e_s_n:641_cs_hi,cs_hi,0.8837209302325582
fr_eng_s_e_s_n:642_cs_fr,cs_fr,0.5054945054945055
fr_eng_s_e_s_n:642_cs_hi,cs_hi,0.8
fr_eng_s_e_s_n:643_cs_fr,cs_fr,0.6185567010309279
fr_eng_s_e_s_n:643_cs_hi,cs_hi,0.7083333333333334
fr_eng_s_e_s_n:644_cs_fr,cs_fr,0.65625
fr_eng_s_e_s_n:644_cs_hi,cs_hi,0.8390804597701149
fr_eng_s_e_s_n:645_cs_fr,cs_fr,0.5784313725490197
fr_eng_s_e_s_n:645_cs_hi,cs_hi,0.9115646258503401
fr_eng_s_e_s_n:646_cs_fr,cs_fr,0.6707317073170732
fr_eng_s_e_s_n:646_cs_hi,cs_hi,0.8
fr_eng_s_e_s_n:647_cs_fr,cs_fr,0.6964285714285714
fr_eng_s_e_s_n:647_cs_hi,cs_hi,0.9178082191780822
fr_eng_s_e_s_n:648_cs_fr,cs_fr,0.6507936507936508
fr_eng_s_e_s_n:648_cs_hi,cs_hi,0.775
fr_eng_s_e_s_n:649_cs_fr,cs_fr,0.8214285714285714
fr_eng_s_e_s_n:649_cs_hi,cs_hi,0.7368421052631579
fr_eng_s_e_s_n:650_cs_fr,cs_fr,0.65
fr_eng_s_e_s_n:650_cs_hi,cs_hi,0.6190476190476191
fr_eng_s_e_s_n:651_cs_fr,cs_fr,0.5454545454545454
fr_eng_s_e_s_n:651_cs_hi,cs_hi,0.4523809523809524
fr_eng_s_e_s_n:652_cs_fr,cs_fr,0.8928571428571429
fr_eng_s_e_s_n:652_cs_hi,cs_hi,0.975609756097561
fr_eng_s_e_s_n:653_cs_fr,cs_fr,0.6326530612244898
fr_eng_s_e_s_n:653_cs_hi,cs_hi,0.8283582089552238
fr_eng_s_e_s_n:654_cs_fr,cs_fr,0.7096774193548387
fr_eng_s_e_s_n:654_cs_hi,cs_hi,0.868421052631579
fr_eng_s_e_s_n:655_cs_fr,cs_fr,0.6083916083916084
fr_eng_s_e_s_n:655_cs_hi,cs_hi,0.8181818181818182
fr_eng_s_e_s_n:656_cs_fr,cs_fr,0.65
fr_eng_s_e_s_n:656_cs_hi,cs_hi,0.8095238095238095
fr_eng_s_e_s_n:657_cs_fr,cs_fr,0.64
fr_eng_s_e_s_n:657_cs_hi,cs_hi,0.9487179487179487
fr_eng_s_e_s_n:658_cs_fr,cs_fr,0.6607142857142857
fr_eng_s_e_s_n:658_cs_hi,cs_hi,0.8611111111111112
fr_eng_s_e_s_n:659_cs_fr,cs_fr,0.5517241379310345
fr_eng_s_e_s_n:659_cs_hi,cs_hi,0.7083333333333334
fr_eng_s_e_s_n:660_cs_fr,cs_fr,0.5416666666666666
fr_eng_s_e_s_n:660_cs_hi,cs_hi,0.8888888888888888
fr_eng_s_e_s_n:661_cs_fr,cs_fr,0.7338129496402878
fr_eng_s_e_s_n:661_cs_hi,cs_hi,0.8181818181818182
fr_eng_s_e_s_n:662_cs_fr,cs_fr,0.6547619047619048
fr_eng_s_e_s_n:662_cs_hi,cs_hi,0.7474747474747475
fr_eng_s_e_s_n:663_cs_fr,cs_fr,0.6491228070175439
fr_eng_s_e_s_n:663_cs_hi,cs_hi,0.7615384615384615
fr_eng_s_e_s_n:664_cs_fr,cs_fr,0.7037037037037037
fr_eng_s_e_s_n:664_cs_hi,cs_hi,0.9142857142857143
fr_eng_s_e_s_n:665_cs_fr,cs_fr,0.7419354838709677
fr_eng_s_e_s_n:665_cs_hi,cs_hi,0.6521739130434783
fr_eng_s_e_s_n:666_cs_fr,cs_fr,0.7034482758620689
fr_eng_s_e_s_n:666_cs_hi,cs_hi,0.9095477386934674
fr_eng_s_e_s_n:667_cs_fr,cs_fr,0.8018018018018018
fr_eng_s_e_s_n:667_cs_hi,cs_hi,0.9548387096774194
fr_eng_s_e_s_n:668_cs_fr,cs_fr,0.7272727272727273
fr_eng_s_e_s_n:668_cs_hi,cs_hi,0.8666666666666667
fr_eng_s_e_s_n:669_cs_fr,cs_fr,0.5445544554455446
fr_eng_s_e_s_n:669_cs_hi,cs_hi,0.8333333333333334
fr_eng_s_e_s_n:670_cs_fr,cs_fr,0.5806451612903226
fr_eng_s_e_s_n:670_cs_hi,cs_hi,0.6808510638297872
fr_eng_s_e_s_n:671_cs_fr,cs_fr,0.609375
fr_eng_s_e_s_n:671_cs_hi,cs_hi,0.881578947368421
fr_eng_s_e_s_n:672_cs_fr,cs_fr,0.66
fr_eng_s_e_s_n:672_cs_hi,cs_hi,0.9375
fr_eng_s_e_s_n:673_cs_fr,cs_fr,0.6494845360824743
fr_eng_s_e_s_n:673_cs_hi,cs_hi,0.8188976377952756
fr_eng_s_e_s_n:674_cs_fr,cs_fr,0.6129032258064516
fr_eng_s_e_s_n:674_cs_hi,cs_hi,0.8269230769230769
fr_eng_s_e_s_n:675_cs_fr,cs_fr,0.6666666666666666
fr_eng_s_e_s_n:675_cs_hi,cs_hi,0.8
fr_eng_s_e_s_n:676_cs_fr,cs_fr,0.43478260869565216
fr_eng_s_e_s_n:676_cs_hi,cs_hi,0.9534883720930233
fr_eng_s_e_s_n:677_cs_fr,cs_fr,0.6481481481481481
fr_eng_s_e_s_n:677_cs_hi,cs_hi,0.8666666666666667
fr_eng_s_e_s_n:678_cs_fr,cs_fr,0.5657894736842105
fr_eng_s_e_s_n:678_cs_hi,cs_hi,0.9215686274509803
fr_eng_s_e_s_n:679_cs_fr,cs_fr,0.7142857142857143
fr_eng_s_e_s_n:679_cs_hi,cs_hi,0.6666666666666666
fr_eng_s_e_s_n:680_cs_fr,cs_fr,0.6638655462184874
fr_eng_s_e_s_n:680_cs_hi,cs_hi,0.7291666666666666
fr_eng_s_e_s_n:681_cs_fr,cs_fr,0.5851851851851851
fr_eng_s_e_s_n:681_cs_hi,cs_hi,0.7469879518072289
fr_eng_s_e_s_n:682_cs_fr,cs_fr,0.5794392523364486
fr_eng_s_e_s_n:682_cs_hi,cs_hi,0.9157303370786517
fr_eng_s_e_s_n:683_cs_fr,cs_fr,0.5421686746987951
fr_eng_s_e_s_n:683_cs_hi,cs_hi,0.9572649572649573
fr_eng_s_e_s_n:684_cs_fr,cs_fr,0.44871794871794873
fr_eng_s_e_s_n:684_cs_hi,cs_hi,0.43820224719101125
fr_eng_s_e_s_n:685_cs_fr,cs_fr,0.6382978723404256
fr_eng_s_e_s_n:685_cs_hi,cs_hi,0.7333333333333333
fr_eng_s_e_s_n:686_cs_fr,cs_fr,0.4745762711864407
fr_eng_s_e_s_n:686_cs_hi,cs_hi,0.9807692307692307
fr_eng_s_e_s_n:687_cs_fr,cs_fr,0.5217391304347826
fr_eng_s_e_s_n:687_cs_hi,cs_hi,0.8928571428571429
fr_eng_s_e_s_n:688_cs_fr,cs_fr,0.6989247311827957
fr_eng_s_e_s_n:688_cs_hi,cs_hi,0.8702290076335878
fr_eng_s_e_s_n:689_cs_fr,cs_fr,0.6136363636363636
fr_eng_s_e_s_n:689_cs_hi,cs_hi,0.7666666666666667
fr_eng_s_e_s_n:690_cs_fr,cs_fr,0.7033898305084746
fr_eng_s_e_s_n:690_cs_hi,cs_hi,0.7655172413793103
fr_eng_s_e_s_n:691_cs_fr,cs_fr,0.8157894736842105
fr_eng_s_e_s_n:691_cs_hi,cs_hi,0.9482758620689655
fr_eng_s_e_s_n:692_cs_fr,cs_fr,0.5769230769230769
fr_eng_s_e_s_n:692_cs_hi,cs_hi,0.803921568627451
fr_eng_s_e_s_n:693_cs_fr,cs_fr,0.6875
fr_eng_s_e_s_n:693_cs_hi,cs_hi,0.9607843137254902
fr_eng_s_e_s_n:694_cs_fr,cs_fr,0.803030303030303
fr_eng_s_e_s_n:694_cs_hi,cs_hi,0.9019607843137255
fr_eng_s_e_s_n:695_cs_fr,cs_fr,0.8780487804878049
fr_eng_s_e_s_n:695_cs_hi,cs_hi,0.851063829787234
fr_eng_s_e_s_n:696_cs_fr,cs_fr,0.7
fr_eng_s_e_s_n:696_cs_hi,cs_hi,0.7560975609756098
fr_eng_s_e_s_n:697_cs_fr,cs_fr,0.5679012345679012
fr_eng_s_e_s_n:697_cs_hi,cs_hi,0.9776119402985075
fr_eng_s_e_s_n:698_cs_fr,cs_fr,0.5638297872340425
fr_eng_s_e_s_n:698_cs_hi,cs_hi,0.9111111111111111
fr_eng_s_e_s_n:699_cs_fr,cs_fr,0.4375
fr_eng_s_e_s_n:699_cs_hi,cs_hi,0.5263157894736842
fr_eng_s_e_s_n:700_cs_fr,cs_fr,0.8169014084507042
fr_eng_s_e_s_n:700_cs_hi,cs_hi,0.941747572815534
fr_eng_s_e_s_n:701_cs_fr,cs_fr,0.7692307692307693
fr_eng_s_e_s_n:701_cs_hi,cs_hi,0.8950276243093923
fr_eng_s_e_s_n:702_cs_fr,cs_fr,0.8349514563106796
fr_eng_s_e_s_n:702_cs_hi,cs_hi,0.9492753623188406
fr_eng_s_e_s_n:703_cs_fr,cs_fr,0.5
fr_eng_s_e_s_n:703_cs_hi,cs_hi,0.9692307692307692
fr_eng_s_e_s_n:704_cs_fr,cs_fr,0.5142857142857142
fr_eng_s_e_s_n:704_cs_hi,cs_hi,0.9629629629629629
fr_eng_s_e_s_n:705_cs_fr,cs_fr,0.5865384615384616
fr_eng_s_e_s_n:705_cs_hi,cs_hi,0.8589743589743589
fr_eng_s_e_s_n:706_cs_fr,cs_fr,0.7428571428571429
fr_eng_s_e_s_n:706_cs_hi,cs_hi,0.8717948717948718
fr_eng_s_e_s_n:707_cs_fr,cs_fr,0.4954128440366973
fr_eng_s_e_s_n:707_cs_hi,cs_hi,0.8857142857142857
fr_eng_s_e_s_n:708_cs_fr,cs_fr,0.45454545454545453
fr_eng_s_e_s_n:708_cs_hi,cs_hi,0.9166666666666666
fr_eng_s_e_s_n:709_cs_fr,cs_fr,0.7619047619047619
fr_eng_s_e_s_n:709_cs_hi,cs_hi,0.8863636363636364
fr_eng_s_e_s_n:710_cs_fr,cs_fr,0.7037037037037037
fr_eng_s_e_s_n:710_cs_hi,cs_hi,0.9512195121951219
fr_eng_s_e_s_n:711_cs_fr,cs_fr,0.6818181818181818
fr_eng_s_e_s_n:711_cs_hi,cs_hi,0.8372093023255814
fr_eng_s_e_s_n:712_cs_fr,cs_fr,0.6323529411764706
fr_eng_s_e_s_n:712_cs_hi,cs_hi,0.7745098039215687
fr_eng_s_e_s_n:713_cs_fr,cs_fr,0.8035714285714286
fr_eng_s_e_s_n:713_cs_hi,cs_hi,0.8405797101449275
fr_eng_s_e_s_n:714_cs_fr,cs_fr,0.6571428571428571
fr_eng_s_e_s_n:714_cs_hi,cs_hi,0.8222222222222222
fr_eng_s_e_s_n:715_cs_fr,cs_fr,0.719626168224299
fr_eng_s_e_s_n:715_cs_hi,cs_hi,0.6917293233082706
fr_eng_s_e_s_n:716_cs_fr,cs_fr,0.75
fr_eng_s_e_s_n:716_cs_hi,cs_hi,0.773972602739726
fr_eng_s_e_s_n:717_cs_fr,cs_fr,0.6195652173913043
fr_eng_s_e_s_n:717_cs_hi,cs_hi,0.7304347826086957
fr_eng_s_e_s_n:718_cs_fr,cs_fr,0.7142857142857143
fr_eng_s_e_s_n:718_cs_hi,cs_hi,0.8285714285714286
fr_eng_s_e_s_n:719_cs_fr,cs_fr,0.7411764705882353
fr_eng_s_e_s_n:719_cs_hi,cs_hi,0.8363636363636363
fr_eng_s_e_s_n:720_cs_fr,cs_fr,0.6363636363636364
fr_eng_s_e_s_n:720_cs_hi,cs_hi,0.7701149425287356
fr_eng_s_e_s_n:721_cs_fr,cs_fr,0.5263157894736842
fr_eng_s_e_s_n:721_cs_hi,cs_hi,0.7777777777777778
fr_eng_s_e_s_n:722_cs_fr,cs_fr,0.7192982456140351
fr_eng_s_e_s_n:722_cs_hi,cs_hi,0.9585798816568047
fr_eng_s_e_s_n:723_cs_fr,cs_fr,0.7
fr_eng_s_e_s_n:723_cs_hi,cs_hi,0.9230769230769231
fr_eng_s_e_s_n:724_cs_fr,cs_fr,0.5789473684210527
fr_eng_s_e_s_n:724_cs_hi,cs_hi,0.7733333333333333
fr_eng_s_e_s_n:725_cs_fr,cs_fr,0.8076923076923077
fr_eng_s_e_s_n:725_cs_hi,cs_hi,0.9254658385093167
fr_eng_s_e_s_n:726_cs_fr,cs_fr,0.7894736842105263
fr_eng_s_e_s_n:726_cs_hi,cs_hi,0.7931034482758621
fr_eng_s_e_s_n:727_cs_fr,cs_fr,0.5317460317460317
fr_eng_s_e_s_n:727_cs_hi,cs_hi,0.825136612021858
fr_eng_s_e_s_n:728_cs_fr,cs_fr,0.35
fr_eng_s_e_s_n:728_cs_hi,cs_hi,0.8666666666666667
fr_eng_s_e_s_n:729_cs_fr,cs_fr,0.686046511627907
fr_eng_s_e_s_n:729_cs_hi,cs_hi,0.9223300970873787
fr_eng_s_e_s_n:730_cs_fr,cs_fr,0.75
fr_eng_s_e_s_n:730_cs_hi,cs_hi,0.9259259259259259
fr_eng_s_e_s_n:731_cs_fr,cs_fr,0.5135135135135135
fr_eng_s_e_s_n:731_cs_hi,cs_hi,0.8350515463917526
fr_eng_s_e_s_n:732_cs_fr,cs_fr,0.6730769230769231
fr_eng_s_e_s_n:732_cs_hi,cs_hi,0.8216216216216217
fr_eng_s_e_s_n:733_cs_fr,cs_fr,0.5769230769230769
fr_eng_s_e_s_n:733_cs_hi,cs_hi,0.744
fr_eng_s_e_s_n:734_cs_fr,cs_fr,0.5641025641025641
fr_eng_s_e_s_n:734_cs_hi,cs_hi,0.5909090909090909
fr_eng_s_e_s_n:735_cs_fr,cs_fr,0.6774193548387096
fr_eng_s_e_s_n:735_cs_hi,cs_hi,0.7906976744186046
fr_eng_s_e_s_n:736_cs_fr,cs_fr,0.4838709677419355
fr_eng_s_e_s_n:736_cs_hi,cs_hi,0.8771929824561403
fr_eng_s_e_s_n:737_cs_fr,cs_fr,0.22727272727272727
fr_eng_s_e_s_n:737_cs_hi,cs_hi,0.5517241379310345
fr_eng_s_e_s_n:738_cs_fr,cs_fr,0.6385542168674698
fr_eng_s_e_s_n:738_cs_hi,cs_hi,0.8090909090909091
fr_eng_s_e_s_n:739_cs_fr,cs_fr,0.5542168674698795
fr_eng_s_e_s_n:739_cs_hi,cs_hi,0.9745762711864406
fr_eng_s_e_s_n:740_cs_fr,cs_fr,0.5631067961165048
fr_eng_s_e_s_n:740_cs_hi,cs_hi,0.7412587412587412
fr_eng_s_e_s_n:741_cs_fr,cs_fr,0.5867768595041323
fr_eng_s_e_s_n:741_cs_hi,cs_hi,0.7358490566037735
fr_eng_s_e_s_n:742_cs_fr,cs_fr,0.7931034482758621
fr_eng_s_e_s_n:742_cs_hi,cs_hi,0.8604651162790697
fr_eng_s_e_s_n:743_cs_fr,cs_fr,0.7708333333333334
fr_eng_s_e_s_n:743_cs_hi,cs_hi,0.8307692307692308
fr_eng_s_e_s_n:744_cs_fr,cs_fr,0.6847826086956522
fr_eng_s_e_s_n:744_cs_hi,cs_hi,0.6822429906542056
fr_eng_s_e_s_n:745_cs_fr,cs_fr,0.46153846153846156
fr_eng_s_e_s_n:745_cs_hi,cs_hi,0.7766990291262136
fr_eng_s_e_s_n:746_cs_fr,cs_fr,0.5096153846153846
fr_eng_s_e_s_n:746_cs_hi,cs_hi,0.8866666666666667
fr_eng_s_e_s_n:747_cs_fr,cs_fr,0.7849462365591398
fr_eng_s_e_s_n:747_cs_hi,cs_hi,0.7653061224489796
fr_eng_s_e_s_n:748_cs_fr,cs_fr,0.6551724137931034
fr_eng_s_e_s_n:748_cs_hi,cs_hi,0.9083969465648855
fr_eng_s_e_s_n:749_cs_fr,cs_fr,0.5844155844155844
fr_eng_s_e_s_n:749_cs_hi,cs_hi,0.9391304347826087
fr_eng_s_e_s_n:750_cs_fr,cs_fr,0.6625
fr_eng_s_e_s_n:750_cs_hi,cs_hi,0.7272727272727273
fr_eng_s_e_s_n:751_cs_fr,cs_fr,0.7142857142857143
fr_eng_s_e_s_n:751_cs_hi,cs_hi,0.92
fr_eng_s_e_s_n:752_cs_fr,cs_fr,0.375
fr_eng_s_e_s_n:752_cs_hi,cs_hi,0.8260869565217391
fr_eng_s_e_s_n:753_cs_fr,cs_fr,0.7272727272727273
fr_eng_s_e_s_n:753_cs_hi,cs_hi,0.9655172413793104
fr_eng_s_e_s_n:754_cs_fr,cs_fr,0.8113207547169812
fr_eng_s_e_s_n:754_cs_hi,cs_hi,0.9240506329113924
fr_eng_s_e_s_n:755_cs_fr,cs_fr,0.7924528301886793
fr_eng_s_e_s_n:755_cs_hi,cs_hi,0.9444444444444444
fr_eng_s_e_s_n:756_cs_fr,cs_fr,0.8671875
fr_eng_s_e_s_n:756_cs_hi,cs_hi,0.9872611464968153
fr_eng_s_e_s_n:757_cs_fr,cs_fr,0.8846153846153846
fr_eng_s_e_s_n:757_cs_hi,cs_hi,0.9545454545454546
fr_eng_s_e_s_n:758_cs_fr,cs_fr,0.8163265306122449
fr_eng_s_e_s_n:758_cs_hi,cs_hi,0.8518518518518519
fr_eng_s_e_s_n:759_cs_fr,cs_fr,0.8048780487804879
fr_eng_s_e_s_n:759_cs_hi,cs_hi,0.9560439560439561
fr_eng_s_e_s_n:760_cs_fr,cs_fr,0.7714285714285715
fr_eng_s_e_s_n:760_cs_hi,cs_hi,0.9736842105263158
fr_eng_s_e_s_n:761_cs_fr,cs_fr,0.6868131868131868
fr_eng_s_e_s_n:761_cs_hi,cs_hi,0.8547486033519553
fr_eng_s_e_s_n:762_cs_fr,cs_fr,0.8522727272727273
fr_eng_s_e_s_n:762_cs_hi,cs_hi,0.8412698412698413
fr_eng_s_e_s_n:763_cs_fr,cs_fr,0.8
fr_eng_s_e_s_n:763_cs_hi,cs_hi,0.9375
fr_eng_s_e_s_n:764_cs_fr,cs_fr,0.7049180327868853
fr_eng_s_e_s_n:764_cs_hi,cs_hi,0.9431818181818182
fr_eng_s_e_s_n:765_cs_fr,cs_fr,0.8963730569948186
fr_eng_s_e_s_n:765_cs_hi,cs_hi,0.9765625
fr_eng_s_e_s_n:766_cs_fr,cs_fr,0.797979797979798
fr_eng_s_e_s_n:766_cs_hi,cs_hi,0.9552238805970149
fr_eng_s_e_s_n:767_cs_fr,cs_fr,0.8
fr_eng_s_e_s_n:767_cs_hi,cs_hi,0.8947368421052632
fr_eng_s_e_s_n:768_cs_fr,cs_fr,0.8076923076923077
fr_eng_s_e_s_n:768_cs_hi,cs_hi,0.9603960396039604
fr_eng_s_e_s_n:769_cs_fr,cs_fr,0.8169014084507042
fr_eng_s_e_s_n:769_cs_hi,cs_hi,0.9574468085106383
fr_eng_s_e_s_n:770_cs_fr,cs_fr,0.75
fr_eng_s_e_s_n:770_cs_hi,cs_hi,0.5333333333333333
fr_eng_s_e_s_n:771_cs_fr,cs_fr,0.8157894736842105
fr_eng_s_e_s_n:771_cs_hi,cs_hi,0.9464285714285714
fr_eng_s_e_s_n:772_cs_fr,cs_fr,0.5454545454545454
fr_eng_s_e_s_n:772_cs_hi,cs_hi,0.7714285714285715
fr_eng_s_e_s_n:773_cs_fr,cs_fr,0.7872340425531915
fr_eng_s_e_s_n:773_cs_hi,cs_hi,0.9057971014492754
fr_eng_s_e_s_n:774_cs_fr,cs_fr,0.8739495798319328
fr_eng_s_e_s_n:774_cs_hi,cs_hi,0.9298245614035088
fr_eng_s_e_s_n:775_cs_fr,cs_fr,0.8194444444444444
fr_eng_s_e_s_n:775_cs_hi,cs_hi,0.9696969696969697
fr_eng_s_e_s_n:776_cs_fr,cs_fr,0.7768595041322314
fr_eng_s_e_s_n:776_cs_hi,cs_hi,0.9155844155844156
fr_eng_s_e_s_n:777_cs_fr,cs_fr,0.8870967741935484
fr_eng_s_e_s_n:777_cs_hi,cs_hi,0.9375
fr_eng_s_e_s_n:778_cs_fr,cs_fr,0.85
fr_eng_s_e_s_n:778_cs_hi,cs_hi,0.948051948051948
fr_eng_s_e_s_n:779_cs_fr,cs_fr,0.9178082191780822
fr_eng_s_e_s_n:779_cs_hi,cs_hi,0.95
fr_eng_s_e_s_n:780_cs_fr,cs_fr,0.8135593220338984
fr_eng_s_e_s_n:780_cs_hi,cs_hi,0.9714285714285714
fr_eng_s_e_s_n:781_cs_fr,cs_fr,0.8625
fr_eng_s_e_s_n:781_cs_hi,cs_hi,0.8942307692307693
fr_eng_s_e_s_n:782_cs_fr,cs_fr,0.9056603773584906
fr_eng_s_e_s_n:782_cs_hi,cs_hi,0.9411764705882353
fr_eng_s_e_s_n:783_cs_fr,cs_fr,0.8732394366197183
fr_eng_s_e_s_n:783_cs_hi,cs_hi,0.9342105263157895
fr_eng_s_e_s_n:784_cs_fr,cs_fr,0.8545454545454545
fr_eng_s_e_s_n:784_cs_hi,cs_hi,0.927536231884058
fr_eng_s_e_s_n:785_cs_fr,cs_fr,0.8478260869565217
fr_eng_s_e_s_n:785_cs_hi,cs_hi,0.8703703703703703
fr_eng_s_e_s_n:786_cs_fr,cs_fr,0.6470588235294118
fr_eng_s_e_s_n:786_cs_hi,cs_hi,0.896551724137931
fr_eng_s_e_s_n:787_cs_fr,cs_fr,0.9032258064516129
fr_eng_s_e_s_n:787_cs_hi,cs_hi,0.6825396825396826
fr_eng_s_e_s_n:788_cs_fr,cs_fr,0.8536585365853658
fr_eng_s_e_s_n:788_cs_hi,cs_hi,0.9166666666666666
fr_eng_s_e_s_n:789_cs_fr,cs_fr,0.7625
fr_eng_s_e_s_n:789_cs_hi,cs_hi,0.9215686274509803
fr_eng_s_e_s_n:790_cs_fr,cs_fr,0.8294573643410853
fr_eng_s_e_s_n:790_cs_hi,cs_hi,0.9653179190751445
fr_eng_s_e_s_n:791_cs_fr,cs_fr,0.7446808510638298
fr_eng_s_e_s_n:791_cs_hi,cs_hi,0.9302325581395349
fr_eng_s_e_s_n:792_cs_fr,cs_fr,0.8363636363636363
fr_eng_s_e_s_n:792_cs_hi,cs_hi,0.9102564102564102
fr_eng_s_e_s_n:793_cs_fr,cs_fr,0.7777777777777778
fr_eng_s_e_s_n:793_cs_hi,cs_hi,0.946236559139785
fr_eng_s_e_s_n:794_cs_fr,cs_fr,0.9090909090909091
fr_eng_s_e_s_n:794_cs_hi,cs_hi,0.9594594594594594
fr_eng_s_e_s_n:795_cs_fr,cs_fr,0.7746478873239436
fr_eng_s_e_s_n:795_cs_hi,cs_hi,0.9587628865979382
fr_eng_s_e_s_n:796_cs_fr,cs_fr,0.7580645161290323
fr_eng_s_e_s_n:796_cs_hi,cs_hi,0.9263157894736842
fr_eng_s_e_s_n:797_cs_fr,cs_fr,0.7714285714285715
fr_eng_s_e_s_n:797_cs_hi,cs_hi,0.975
fr_eng_s_e_s_n:798_cs_fr,cs_fr,0.8508771929824561
fr_eng_s_e_s_n:798_cs_hi,cs_hi,0.8986486486486487
fr_eng_s_e_s_n:799_cs_fr,cs_fr,0.8636363636363636
fr_eng_s_e_s_n:799_cs_hi,cs_hi,0.9814814814814815
fr_eng_s_e_s_n:800_cs_fr,cs_fr,0.7857142857142857
fr_eng_s_e_s_n:800_cs_hi,cs_hi,0.6285714285714286
fr_eng_s_e_s_n:801_cs_fr,cs_fr,0.8169014084507042
fr_eng_s_e_s_n:801_cs_hi,cs_hi,0.9333333333333333
fr_eng_s_e_s_n:802_cs_fr,cs_fr,0.8113207547169812
fr_eng_s_e_s_n:802_cs_hi,cs_hi,0.9651162790697675
fr_eng_s_e_s_n:803_cs_fr,cs_fr,0.7457627118644068
fr_eng_s_e_s_n:803_cs_hi,cs_hi,0.8764044943820225
fr_eng_s_e_s_n:804_cs_fr,cs_fr,0.8641975308641975
fr_eng_s_e_s_n:804_cs_hi,cs_hi,0.9732142857142857
fr_eng_s_e_s_n:805_cs_fr,cs_fr,0.900990099009901
fr_eng_s_e_s_n:805_cs_hi,cs_hi,0.8956521739130435
fr_eng_s_e_s_n:806_cs_fr,cs_fr,0.8181818181818182
fr_eng_s_e_s_n:806_cs_hi,cs_hi,0.9634146341463414
fr_eng_s_e_s_n:807_cs_fr,cs_fr,0.8
fr_eng_s_e_s_n:807_cs_hi,cs_hi,0.96875
fr_eng_s_e_s_n:808_cs_fr,cs_fr,0.8571428571428571
fr_eng_s_e_s_n:808_cs_hi,cs_hi,0.7142857142857143
fr_eng_s_e_s_n:809_cs_fr,cs_fr,0.8372093023255814
fr_eng_s_e_s_n:809_cs_hi,cs_hi,0.8983050847457628
fr_eng_s_e_s_n:810_cs_fr,cs_fr,0.775
fr_eng_s_e_s_n:810_cs_hi,cs_hi,0.9421965317919075
fr_eng_s_e_s_n:811_cs_fr,cs_fr,0.8831168831168831
fr_eng_s_e_s_n:811_cs_hi,cs_hi,0.956140350877193
fr_eng_s_e_s_n:812_cs_fr,cs_fr,0.8356164383561644
fr_eng_s_e_s_n:812_cs_hi,cs_hi,0.9
fr_eng_s_e_s_n:813_cs_fr,cs_fr,0.7142857142857143
fr_eng_s_e_s_n:813_cs_hi,cs_hi,0.9166666666666666
fr_eng_s_e_s_n:814_cs_fr,cs_fr,0.5882352941176471
fr_eng_s_e_s_n:814_cs_hi,cs_hi,0.8333333333333334
fr_eng_s_e_s_n:815_cs_fr,cs_fr,0.9
fr_eng_s_e_s_n:815_cs_hi,cs_hi,0.9642857142857143
fr_eng_s_e_s_n:816_cs_fr,cs_fr,0.8241758241758241
fr_eng_s_e_s_n:816_cs_hi,cs_hi,0.9596774193548387
fr_eng_s_e_s_n:817_cs_fr,cs_fr,0.23529411764705882
fr_eng_s_e_s_n:817_cs_hi,cs_hi,0.7931034482758621
fr_eng_s_e_s_n:818_cs_fr,cs_fr,0.8333333333333334
fr_eng_s_e_s_n:818_cs_hi,cs_hi,0.9696969696969697
fr_eng_s_e_s_n:819_cs_fr,cs_fr,0.7307692307692307
fr_eng_s_e_s_n:819_cs_hi,cs_hi,0.9516129032258065
fr_eng_s_e_s_n:820_cs_fr,cs_fr,0.7395833333333334
fr_eng_s_e_s_n:820_cs_hi,cs_hi,0.9193548387096774
fr_eng_s_e_s_n:821_cs_fr,cs_fr,0.9344262295081968
fr_eng_s_e_s_n:821_cs_hi,cs_hi,0.9637681159420289
fr_eng_s_e_s_n:822_cs_fr,cs_fr,0.8015267175572519
fr_eng_s_e_s_n:822_cs_hi,cs_hi,0.9790575916230366
fr_eng_s_e_s_n:823_cs_fr,cs_fr,0.6747967479674797
fr_eng_s_e_s_n:823_cs_hi,cs_hi,0.965034965034965
fr_eng_s_e_s_n:824_cs_fr,cs_fr,0.8918918918918919
fr_eng_s_e_s_n:824_cs_hi,cs_hi,0.85
fr_eng_s_e_s_n:825_cs_fr,cs_fr,0.7764705882352941
fr_eng_s_e_s_n:825_cs_hi,cs_hi,0.9473684210526315
fr_eng_s_e_s_n:826_cs_fr,cs_fr,0.8202247191011236
fr_eng_s_e_s_n:826_cs_hi,cs_hi,0.9457364341085271
fr_eng_s_e_s_n:827_cs_fr,cs_fr,0.5
fr_eng_s_e_s_n:827_cs_hi,cs_hi,0.896551724137931
fr_eng_s_e_s_n:828_cs_fr,cs_fr,0.8018018018018018
fr_eng_s_e_s_n:828_cs_hi,cs_hi,0.9588235294117647
fr_eng_s_e_s_n:829_cs_fr,cs_fr,0.8681318681318682
fr_eng_s_e_s_n:829_cs_hi,cs_hi,0.9140625
fr_eng_s_e_s_n:830_cs_fr,cs_fr,0.8378378378378378
fr_eng_s_e_s_n:830_cs_hi,cs_hi,0.9767441860465116
fr_eng_s_e_s_n:831_cs_fr,cs_fr,0.8214285714285714
fr_eng_s_e_s_n:831_cs_hi,cs_hi,0.9259259259259259
fr_eng_s_e_s_n:832_cs_fr,cs_fr,0.8382352941176471
fr_eng_s_e_s_n:832_cs_hi,cs_hi,0.9662921348314607
fr_eng_s_e_s_n:833_cs_fr,cs_fr,0.6625
fr_eng_s_e_s_n:833_cs_hi,cs_hi,0.9197080291970803
fr_eng_s_e_s_n:834_cs_fr,cs_fr,0.8041237113402062
fr_eng_s_e_s_n:834_cs_hi,cs_hi,0.9790209790209791
fr_eng_s_e_s_n:836_cs_fr,cs_fr,0.8349514563106796
fr_eng_s_e_s_n:836_cs_hi,cs_hi,0.9586206896551724
fr_eng_s_e_s_n:837_cs_fr,cs_fr,0.8225806451612904
fr_eng_s_e_s_n:837_cs_hi,cs_hi,0.9611650485436893
fr_eng_s_e_s_n:838_cs_fr,cs_fr,0.7333333333333333
fr_eng_s_e_s_n:838_cs_hi,cs_hi,0.9016393442622951
fr_eng_s_e_s_n:839_cs_fr,cs_fr,0.8285714285714286
fr_eng_s_e_s_n:839_cs_hi,cs_hi,0.9423076923076923
fr_eng_s_e_s_n:840_cs_fr,cs_fr,0.8095238095238095
fr_eng_s_e_s_n:840_cs_hi,cs_hi,0.9607843137254902
fr_eng_s_e_s_n:841_cs_fr,cs_fr,0.7394957983193278
fr_eng_s_e_s_n:841_cs_hi,cs_hi,0.9044943820224719
fr_eng_s_e_s_n:842_cs_fr,cs_fr,0.8433734939759037
fr_eng_s_e_s_n:842_cs_hi,cs_hi,0.9464285714285714
fr_eng_s_e_s_n:843_cs_fr,cs_fr,0.7727272727272727
fr_eng_s_e_s_n:843_cs_hi,cs_hi,0.8888888888888888
fr_eng_s_e_s_n:844_cs_fr,cs_fr,0.7317073170731707
fr_eng_s_e_s_n:844_cs_hi,cs_hi,0.9365079365079365
fr_eng_s_e_s_n:845_cs_fr,cs_fr,0.6730769230769231
fr_eng_s_e_s_n:845_cs_hi,cs_hi,0.8787878787878788
fr_eng_s_e_s_n:846_cs_fr,cs_fr,0.8375
fr_eng_s_e_s_n:846_cs_hi,cs_hi,0.9134615384615384
fr_eng_s_e_s_n:847_cs_fr,cs_fr,0.9375
fr_eng_s_e_s_n:847_cs_hi,cs_hi,0.9485294117647058
fr_eng_s_e_s_n:848_cs_fr,cs_fr,0.8452380952380952
fr_eng_s_e_s_n:848_cs_hi,cs_hi,0.967479674796748
fr_eng_s_e_s_n:849_cs_fr,cs_fr,0.6547619047619048
fr_eng_s_e_s_n:849_cs_hi,cs_hi,0.926605504587156
fr_eng_s_e_s_n:850_cs_fr,cs_fr,0.6607142857142857
fr_eng_s_e_s_n:850_cs_hi,cs_hi,0.8732394366197183
fr_eng_s_e_s_n:851_cs_fr,cs_fr,0.7982456140350878
fr_eng_s_e_s_n:851_cs_hi,cs_hi,0.8706896551724138
fr_eng_s_e_s_n:852_cs_fr,cs_fr,0.7865168539325843
fr_eng_s_e_s_n:852_cs_hi,cs_hi,0.9572649572649573
fr_eng_s_e_s_n:853_cs_fr,cs_fr,0.42857142857142855
fr_eng_s_e_s_n:853_cs_hi,cs_hi,0.9
fr_eng_s_e_s_n:854_cs_fr,cs_fr,0.5263157894736842
fr_eng_s_e_s_n:854_cs_hi,cs_hi,0.9
fr_eng_s_e_s_n:855_cs_fr,cs_fr,0.7272727272727273
fr_eng_s_e_s_n:855_cs_hi,cs_hi,0.7692307692307693
fr_eng_s_e_s_n:856_cs_fr,cs_fr,0.7903225806451613
fr_eng_s_e_s_n:856_cs_hi,cs_hi,0.8953488372093024
fr_eng_s_e_s_n:857_cs_fr,cs_fr,0.7485380116959064
fr_eng_s_e_s_n:857_cs_hi,cs_hi,0.9049773755656109
fr_eng_s_e_s_n:858_cs_fr,cs_fr,0.8222222222222222
fr_eng_s_e_s_n:858_cs_hi,cs_hi,0.94
fr_eng_s_e_s_n:859_cs_fr,cs_fr,0.8319327731092437
fr_eng_s_e_s_n:859_cs_hi,cs_hi,0.9161290322580645
fr_eng_s_e_s_n:860_cs_fr,cs_fr,0.8241758241758241
fr_eng_s_e_s_n:860_cs_hi,cs_hi,0.9552238805970149
fr_eng_s_e_s_n:861_cs_fr,cs_fr,0.8163265306122449
fr_eng_s_e_s_n:861_cs_hi,cs_hi,0.9632352941176471
fr_eng_s_e_s_n:862_cs_fr,cs_fr,0.8936170212765957
fr_eng_s_e_s_n:862_cs_hi,cs_hi,0.9634146341463414
fr_eng_s_e_s_n:863_cs_fr,cs_fr,0.7547169811320755
fr_eng_s_e_s_n:863_cs_hi,cs_hi,0.8979591836734694
fr_eng_s_e_s_n:864_cs_fr,cs_fr,0.8769230769230769
fr_eng_s_e_s_n:864_cs_hi,cs_hi,0.9457831325301205
fr_eng_s_e_s_n:865_cs_fr,cs_fr,0.6666666666666666
fr_eng_s_e_s_n:865_cs_hi,cs_hi,0.8727272727272727
fr_eng_s_e_s_n:866_cs_fr,cs_fr,0.7888888888888889
fr_eng_s_e_s_n:866_cs_hi,cs_hi,0.9338235294117647
fr_eng_s_e_s_n:867_cs_fr,cs_fr,0.8461538461538461
fr_eng_s_e_s_n:867_cs_hi,cs_hi,0.9705882352941176
fr_eng_s_e_s_n:868_cs_fr,cs_fr,0.6593406593406593
fr_eng_s_e_s_n:868_cs_hi,cs_hi,0.9404761904761905
fr_eng_s_e_s_n:869_cs_fr,cs_fr,0.8125
fr_eng_s_e_s_n:869_cs_hi,cs_hi,0.9347826086956522
fr_eng_s_e_s_n:870_cs_fr,cs_fr,0.8421052631578947
fr_eng_s_e_s_n:870_cs_hi,cs_hi,0.946236559139785
fr_eng_s_e_s_n:871_cs_fr,cs_fr,0.7889908256880734
fr_eng_s_e_s_n:871_cs_hi,cs_hi,0.8977272727272727
fr_eng_s_e_s_n:872_cs_fr,cs_fr,0.7450980392156863
fr_eng_s_e_s_n:872_cs_hi,cs_hi,0.9375
fr_eng_s_e_s_n:873_cs_fr,cs_fr,0.7538461538461538
fr_eng_s_e_s_n:873_cs_hi,cs_hi,0.9139784946236559
fr_eng_s_e_s_n:874_cs_fr,cs_fr,0.8723404255319149
fr_eng_s_e_s_n:874_cs_hi,cs_hi,0.967741935483871
fr_eng_s_e_s_n:875_cs_fr,cs_fr,0.646551724137931
fr_eng_s_e_s_n:875_cs_hi,cs_hi,0.9057971014492754
fr_eng_s_e_s_n:876_cs_fr,cs_fr,0.8115942028985508
fr_eng_s_e_s_n:876_cs_hi,cs_hi,0.9680851063829787
fr_eng_s_e_s_n:877_cs_fr,cs_fr,0.7227722772277227
fr_eng_s_e_s_n:877_cs_hi,cs_hi,0.972027972027972
fr_eng_s_e_s_n:878_cs_fr,cs_fr,0.6627906976744186
fr_eng_s_e_s_n:878_cs_hi,cs_hi,0.9444444444444444
fr_eng_s_e_s_n:879_cs_fr,cs_fr,0.7088607594936709
fr_eng_s_e_s_n:879_cs_hi,cs_hi,0.9304347826086956
fr_eng_s_e_s_n:880_cs_fr,cs_fr,0.7777777777777778
fr_eng_s_e_s_n:880_cs_hi,cs_hi,0.9626168224299065
fr_eng_s_e_s_n:881_cs_fr,cs_fr,0.8333333333333334
fr_eng_s_e_s_n:881_cs_hi,cs_hi,0.9411764705882353
fr_eng_s_e_s_n:882_cs_fr,cs_fr,0.8205128205128205
fr_eng_s_e_s_n:882_cs_hi,cs_hi,0.925
fr_eng_s_e_s_n:883_cs_fr,cs_fr,0.7464788732394366
fr_eng_s_e_s_n:883_cs_hi,cs_hi,0.8723404255319149
fr_eng_s_e_s_n:884_cs_fr,cs_fr,0.7777777777777778
fr_eng_s_e_s_n:884_cs_hi,cs_hi,0.9142857142857143
fr_eng_s_e_s_n:885_cs_fr,cs_fr,0.7755102040816326
fr_eng_s_e_s_n:885_cs_hi,cs_hi,0.9726027397260274
fr_eng_s_e_s_n:886_cs_fr,cs_fr,0.9117647058823529
fr_eng_s_e_s_n:886_cs_hi,cs_hi,0.9333333333333333
fr_eng_s_e_s_n:887_cs_fr,cs_fr,0.9482758620689655
fr_eng_s_e_s_n:887_cs_hi,cs_hi,0.9513888888888888
fr_eng_s_e_s_n:888_cs_fr,cs_fr,0.7555555555555555
fr_eng_s_e_s_n:888_cs_hi,cs_hi,0.9142857142857143
fr_eng_s_e_s_n:889_cs_fr,cs_fr,0.8275862068965517
fr_eng_s_e_s_n:889_cs_hi,cs_hi,0.9357798165137615
fr_eng_s_e_s_n:890_cs_fr,cs_fr,0.7916666666666666
fr_eng_s_e_s_n:890_cs_hi,cs_hi,0.9439252336448598
fr_eng_s_e_s_n:891_cs_fr,cs_fr,0.7647058823529411
fr_eng_s_e_s_n:891_cs_hi,cs_hi,0.9393939393939394
fr_eng_s_e_s_n:892_cs_fr,cs_fr,0.8125
fr_eng_s_e_s_n:892_cs_hi,cs_hi,0.9565217391304348
fr_eng_s_e_s_n:893_cs_fr,cs_fr,0.782051282051282
fr_eng_s_e_s_n:893_cs_hi,cs_hi,0.9537037037037037
fr_eng_s_e_s_n:894_cs_fr,cs_fr,0.8148148148148148
fr_eng_s_e_s_n:894_cs_hi,cs_hi,0.9565217391304348
fr_eng_s_e_s_n:895_cs_fr,cs_fr,0.7567567567567568
fr_eng_s_e_s_n:895_cs_hi,cs_hi,0.9714285714285714
fr_eng_s_e_s_n:896_cs_fr,cs_fr,0.6483516483516484
fr_eng_s_e_s_n:896_cs_hi,cs_hi,0.9344262295081968
fr_eng_s_e_s_n:897_cs_fr,cs_fr,0.8805970149253731
fr_eng_s_e_s_n:897_cs_hi,cs_hi,0.9553571428571429
fr_eng_s_e_s_n:898_cs_fr,cs_fr,0.8823529411764706
fr_eng_s_e_s_n:898_cs_hi,cs_hi,0.9102564102564102
fr_eng_s_e_s_n:899_cs_fr,cs_fr,0.7142857142857143
fr_eng_s_e_s_n:899_cs_hi,cs_hi,0.9617834394904459
fr_eng_s_e_s_n:900_cs_fr,cs_fr,0.4444444444444444
fr_eng_s_e_s_n:900_cs_hi,cs_hi,0.7575757575757576
fr_eng_s_e_s_n:901_cs_fr,cs_fr,0.6666666666666666
fr_eng_s_e_s_n:901_cs_hi,cs_hi,0.9047619047619048
fr_eng_s_e_s_n:902_cs_fr,cs_fr,0.7777777777777778
fr_eng_s_e_s_n:902_cs_hi,cs_hi,0.9047619047619048
fr_eng_s_e_s_n:903_cs_fr,cs_fr,0.7288135593220338
fr_eng_s_e_s_n:903_cs_hi,cs_hi,0.8947368421052632
fr_eng_s_e_s_n:904_cs_fr,cs_fr,0.7851851851851852
fr_eng_s_e_s_n:904_cs_hi,cs_hi,0.9502762430939227
fr_eng_s_e_s_n:905_cs_fr,cs_fr,0.9375
fr_eng_s_e_s_n:905_cs_hi,cs_hi,0.7727272727272727
fr_eng_s_e_s_n:906_cs_fr,cs_fr,0.8933333333333333
fr_eng_s_e_s_n:906_cs_hi,cs_hi,0.9770114942528736
fr_eng_s_e_s_n:907_cs_fr,cs_fr,0.7710843373493976
fr_eng_s_e_s_n:907_cs_hi,cs_hi,0.9724770642201835
fr_eng_s_e_s_n:908_cs_fr,cs_fr,0.8571428571428571
fr_eng_s_e_s_n:908_cs_hi,cs_hi,0.9782608695652174
fr_eng_s_e_s_n:909_cs_fr,cs_fr,0.8421052631578947
fr_eng_s_e_s_n:909_cs_hi,cs_hi,0.6428571428571429
fr_eng_s_e_s_n:910_cs_fr,cs_fr,0.7457627118644068
fr_eng_s_e_s_n:910_cs_hi,cs_hi,0.9523809523809523
fr_eng_s_e_s_n:911_cs_fr,cs_fr,0.7631578947368421
fr_eng_s_e_s_n:911_cs_hi,cs_hi,0.8227848101265823
fr_eng_s_e_s_n:912_cs_fr,cs_fr,0.7692307692307693
fr_eng_s_e_s_n:912_cs_hi,cs_hi,0.9102564102564102
fr_eng_s_e_s_n:913_cs_fr,cs_fr,0.8631578947368421
fr_eng_s_e_s_n:913_cs_hi,cs_hi,0.9196428571428571
fr_eng_s_e_s_n:914_cs_fr,cs_fr,0.8723404255319149
fr_eng_s_e_s_n:914_cs_hi,cs_hi,0.8656716417910447
fr_eng_s_e_s_n:915_cs_fr,cs_fr,0.7230769230769231
fr_eng_s_e_s_n:915_cs_hi,cs_hi,0.9036144578313253
fr_eng_s_e_s_n:916_cs_fr,cs_fr,0.6181818181818182
fr_eng_s_e_s_n:916_cs_hi,cs_hi,0.9259259259259259
fr_eng_s_e_s_n:917_cs_fr,cs_fr,0.8958333333333334
fr_eng_s_e_s_n:917_cs_hi,cs_hi,0.961038961038961
fr_eng_s_e_s_n:918_cs_fr,cs_fr,0.7446808510638298
fr_eng_s_e_s_n:918_cs_hi,cs_hi,0.9054054054054054
fr_eng_s_e_s_n:919_cs_fr,cs_fr,0.7804878048780488
fr_eng_s_e_s_n:919_cs_hi,cs_hi,0.9625
fr_eng_s_e_s_n:920_cs_fr,cs_fr,0.6575342465753424
fr_eng_s_e_s_n:920_cs_hi,cs_hi,0.9318181818181818
fr_eng_s_e_s_n:921_cs_fr,cs_fr,0.75
fr_eng_s_e_s_n:921_cs_hi,cs_hi,0.9444444444444444
fr_eng_s_e_s_n:922_cs_fr,cs_fr,0.8272727272727273
fr_eng_s_e_s_n:922_cs_hi,cs_hi,0.9345794392523364
fr_eng_s_e_s_n:923_cs_fr,cs_fr,0.72
fr_eng_s_e_s_n:923_cs_hi,cs_hi,0.9672131147540983
fr_eng_s_e_s_n:924_cs_fr,cs_fr,0.859375
fr_eng_s_e_s_n:924_cs_hi,cs_hi,0.9292929292929293
fr_eng_s_e_s_n:925_cs_fr,cs_fr,0.7887323943661971
fr_eng_s_e_s_n:925_cs_hi,cs_hi,0.9545454545454546
fr_eng_s_e_s_n:926_cs_fr,cs_fr,0.875
fr_eng_s_e_s_n:926_cs_hi,cs_hi,0.7407407407407407
fr_eng_s_e_s_n:927_cs_fr,cs_fr,0.8378378378378378
fr_eng_s_e_s_n:927_cs_hi,cs_hi,0.9215686274509803
fr_eng_s_e_s_n:928_cs_fr,cs_fr,0.7272727272727273
fr_eng_s_e_s_n:928_cs_hi,cs_hi,0.797979797979798
fr_eng_s_e_s_n:929_cs_fr,cs_fr,0.7671232876712328
fr_eng_s_e_s_n:929_cs_hi,cs_hi,0.963302752293578
fr_eng_s_e_s_n:930_cs_fr,cs_fr,0.8253968253968254
fr_eng_s_e_s_n:930_cs_hi,cs_hi,0.972972972972973
fr_eng_s_e_s_n:931_cs_fr,cs_fr,0.7466666666666667
fr_eng_s_e_s_n:931_cs_hi,cs_hi,0.9098360655737705
fr_eng_s_e_s_n:932_cs_fr,cs_fr,0.6595744680851063
fr_eng_s_e_s_n:932_cs_hi,cs_hi,0.9080459770114943
fr_eng_s_e_s_n:933_cs_fr,cs_fr,0.6491228070175439
fr_eng_s_e_s_n:933_cs_hi,cs_hi,0.9047619047619048
fr_eng_s_e_s_n:934_cs_fr,cs_fr,0.8292682926829268
fr_eng_s_e_s_n:934_cs_hi,cs_hi,0.9523809523809523
fr_eng_s_e_s_n:935_cs_fr,cs_fr,0.7833333333333333
fr_eng_s_e_s_n:935_cs_hi,cs_hi,0.95
fr_eng_s_e_s_n:936_cs_fr,cs_fr,0.8765432098765432
fr_eng_s_e_s_n:936_cs_hi,cs_hi,0.9363636363636364
fr_eng_s_e_s_n:937_cs_fr,cs_fr,0.8076923076923077
fr_eng_s_e_s_n:937_cs_hi,cs_hi,0.9761904761904762
fr_eng_s_e_s_n:938_cs_fr,cs_fr,0.7912087912087912
fr_eng_s_e_s_n:938_cs_hi,cs_hi,0.958904109589041
fr_eng_s_e_s_n:939_cs_fr,cs_fr,0.7692307692307693
fr_eng_s_e_s_n:939_cs_hi,cs_hi,0.9101123595505618
fr_eng_s_e_s_n:940_cs_fr,cs_fr,0.75
fr_eng_s_e_s_n:940_cs_hi,cs_hi,0.8181818181818182
fr_eng_s_e_s_n:941_cs_fr,cs_fr,0.8558558558558559
fr_eng_s_e_s_n:941_cs_hi,cs_hi,0.935251798561151
fr_eng_s_e_s_n:942_cs_fr,cs_fr,0.7777777777777778
fr_eng_s_e_s_n:942_cs_hi,cs_hi,0.9016393442622951
fr_eng_s_e_s_n:943_cs_fr,cs_fr,0.8
fr_eng_s_e_s_n:943_cs_hi,cs_hi,0.9119496855345912
fr_eng_s_e_s_n:944_cs_fr,cs_fr,0.6666666666666666
fr_eng_s_e_s_n:944_cs_hi,cs_hi,0.75
fr_eng_s_e_s_n:945_cs_fr,cs_fr,0.75
fr_eng_s_e_s_n:945_cs_hi,cs_hi,0.9166666666666666
fr_eng_s_e_s_n:946_cs_fr,cs_fr,0.8125
fr_eng_s_e_s_n:946_cs_hi,cs_hi,0.8490566037735849
fr_eng_s_e_s_n:947_cs_fr,cs_fr,0.7395833333333334
fr_eng_s_e_s_n:947_cs_hi,cs_hi,0.9726027397260274
fr_eng_s_e_s_n:948_cs_fr,cs_fr,0.7397260273972602
fr_eng_s_e_s_n:948_cs_hi,cs_hi,0.8303571428571429
fr_eng_s_e_s_n:949_cs_fr,cs_fr,0.7744360902255639
fr_eng_s_e_s_n:949_cs_hi,cs_hi,0.8944099378881988
fr_eng_s_e_s_n:950_cs_fr,cs_fr,0.7642276422764228
fr_eng_s_e_s_n:950_cs_hi,cs_hi,0.8888888888888888
fr_eng_s_e_s_n:951_cs_fr,cs_fr,0.696969696969697
fr_eng_s_e_s_n:951_cs_hi,cs_hi,0.9455782312925171
fr_eng_s_e_s_n:952_cs_fr,cs_fr,0.72
fr_eng_s_e_s_n:952_cs_hi,cs_hi,0.8888888888888888
fr_eng_s_e_s_n:953_cs_fr,cs_fr,0.7647058823529411
fr_eng_s_e_s_n:953_cs_hi,cs_hi,0.9411764705882353
fr_eng_s_e_s_n:954_cs_fr,cs_fr,0.7978723404255319
fr_eng_s_e_s_n:954_cs_hi,cs_hi,0.9583333333333334
fr_eng_s_e_s_n:955_cs_fr,cs_fr,0.7916666666666666
fr_eng_s_e_s_n:955_cs_hi,cs_hi,0.9230769230769231
fr_eng_s_e_s_n:956_cs_fr,cs_fr,0.7596153846153846
fr_eng_s_e_s_n:956_cs_hi,cs_hi,0.9862068965517241
fr_eng_s_e_s_n:957_cs_fr,cs_fr,0.819672131147541
fr_eng_s_e_s_n:957_cs_hi,cs_hi,0.9534883720930233
fr_eng_s_e_s_n:958_cs_fr,cs_fr,0.7286821705426356
fr_eng_s_e_s_n:958_cs_hi,cs_hi,0.9702380952380952
fr_eng_s_e_s_n:959_cs_fr,cs_fr,0.88
fr_eng_s_e_s_n:959_cs_hi,cs_hi,0.9393939393939394
fr_eng_s_e_s_n:960_cs_fr,cs_fr,0.7735849056603774
fr_eng_s_e_s_n:960_cs_hi,cs_hi,0.9834710743801653
fr_eng_s_e_s_n:961_cs_fr,cs_fr,0.7142857142857143
fr_eng_s_e_s_n:961_cs_hi,cs_hi,0.922077922077922
fr_eng_s_e_s_n:962_cs_fr,cs_fr,0.8396946564885496
fr_eng_s_e_s_n:962_cs_hi,cs_hi,0.9526627218934911
fr_eng_s_e_s_n:963_cs_fr,cs_fr,0.8289473684210527
fr_eng_s_e_s_n:963_cs_hi,cs_hi,0.9487179487179487
fr_eng_s_e_s_n:964_cs_fr,cs_fr,0.8051948051948052
fr_eng_s_e_s_n:964_cs_hi,cs_hi,0.9444444444444444
fr_eng_s_e_s_n:965_cs_fr,cs_fr,0.8192771084337349
fr_eng_s_e_s_n:965_cs_hi,cs_hi,0.9622641509433962
fr_eng_s_e_s_n:966_cs_fr,cs_fr,0.8
fr_eng_s_e_s_n:966_cs_hi,cs_hi,0.9487179487179487
fr_eng_s_e_s_n:967_cs_fr,cs_fr,0.49473684210526314
fr_eng_s_e_s_n:967_cs_hi,cs_hi,0.9595959595959596
fr_eng_s_e_s_n:968_cs_fr,cs_fr,0.7840909090909091
fr_eng_s_e_s_n:968_cs_hi,cs_hi,0.9732142857142857
fr_eng_s_e_s_n:969_cs_fr,cs_fr,0.8939393939393939
fr_eng_s_e_s_n:969_cs_hi,cs_hi,0.9078947368421053
fr_eng_s_e_s_n:970_cs_fr,cs_fr,0.40540540540540543
fr_eng_s_e_s_n:970_cs_hi,cs_hi,0.6
fr_eng_s_e_s_n:971_cs_fr,cs_fr,0.8024691358024691
fr_eng_s_e_s_n:971_cs_hi,cs_hi,0.8666666666666667
fr_eng_s_e_s_n:972_cs_fr,cs_fr,0.803921568627451
fr_eng_s_e_s_n:972_cs_hi,cs_hi,0.9571428571428572
fr_eng_s_e_s_n:973_cs_fr,cs_fr,0.8787878787878788
fr_eng_s_e_s_n:973_cs_hi,cs_hi,0.9396551724137931
fr_eng_s_e_s_n:974_cs_fr,cs_fr,0.7962962962962963
fr_eng_s_e_s_n:974_cs_hi,cs_hi,0.9775280898876404
fr_eng_s_e_s_n:975_cs_fr,cs_fr,0.7105263157894737
fr_eng_s_e_s_n:975_cs_hi,cs_hi,0.9538461538461539
fr_eng_s_e_s_n:976_cs_fr,cs_fr,0.8333333333333334
fr_eng_s_e_s_n:976_cs_hi,cs_hi,0.9384615384615385
fr_eng_s_e_s_n:977_cs_fr,cs_fr,0.2857142857142857
fr_eng_s_e_s_n:977_cs_hi,cs_hi,0.9375
fr_eng_s_e_s_n:978_cs_fr,cs_fr,0.8275862068965517
fr_eng_s_e_s_n:978_cs_hi,cs_hi,0.9090909090909091
fr_eng_s_e_s_n:979_cs_fr,cs_fr,0.6527777777777778
fr_eng_s_e_s_n:979_cs_hi,cs_hi,0.9310344827586207
fr_eng_s_e_s_n:980_cs_fr,cs_fr,0.7333333333333333
fr_eng_s_e_s_n:980_cs_hi,cs_hi,0.9305555555555556
fr_eng_s_e_s_n:981_cs_fr,cs_fr,0.7142857142857143
fr_eng_s_e_s_n:981_cs_hi,cs_hi,0.9808917197452229
fr_eng_s_e_s_n:982_cs_fr,cs_fr,0.7761194029850746
fr_eng_s_e_s_n:982_cs_hi,cs_hi,0.8823529411764706
fr_eng_s_e_s_n:983_cs_fr,cs_fr,0.7428571428571429
fr_eng_s_e_s_n:983_cs_hi,cs_hi,0.847457627118644
fr_eng_s_e_s_n:984_cs_fr,cs_fr,0.85
fr_eng_s_e_s_n:984_cs_hi,cs_hi,0.9166666666666666
fr_eng_s_e_s_n:985_cs_fr,cs_fr,0.6140350877192983
fr_eng_s_e_s_n:985_cs_hi,cs_hi,0.8764044943820225
fr_eng_s_e_s_n:986_cs_fr,cs_fr,0.8473282442748091
fr_eng_s_e_s_n:986_cs_hi,cs_hi,0.8910256410256411
fr_eng_s_e_s_n:987_cs_fr,cs_fr,0.8292682926829268
fr_eng_s_e_s_n:987_cs_hi,cs_hi,0.930635838150289
fr_eng_s_e_s_n:988_cs_fr,cs_fr,0.9347826086956522
fr_eng_s_e_s_n:988_cs_hi,cs_hi,0.9753086419753086
fr_eng_s_e_s_n:989_cs_fr,cs_fr,0.8347107438016529
fr_eng_s_e_s_n:989_cs_hi,cs_hi,0.9753086419753086
fr_eng_s_e_s_n:990_cs_fr,cs_fr,0.6964285714285714
fr_eng_s_e_s_n:990_cs_hi,cs_hi,0.9655172413793104
fr_eng_s_e_s_n:991_cs_fr,cs_fr,0.7727272727272727
fr_eng_s_e_s_n:991_cs_hi,cs_hi,0.9037037037037037
fr_eng_s_e_s_n:992_cs_fr,cs_fr,0.875
fr_eng_s_e_s_n:992_cs_hi,cs_hi,0.9464285714285714
fr_eng_s_e_s_n:993_cs_fr,cs_fr,0.7547169811320755
fr_eng_s_e_s_n:993_cs_hi,cs_hi,0.968
fr_eng_s_e_s_n:994_cs_fr,cs_fr,0.6788990825688074
fr_eng_s_e_s_n:994_cs_hi,cs_hi,0.9754601226993865
fr_eng_s_e_s_n:995_cs_fr,cs_fr,0.75
fr_eng_s_e_s_n:995_cs_hi,cs_hi,0.9318181818181818
fr_eng_s_e_s_n:996_cs_fr,cs_fr,0.925
fr_eng_s_e_s_n:996_cs_hi,cs_hi,0.7317073170731707
fr_eng_s_e_s_n:997_cs_fr,cs_fr,0.7564102564102564
fr_eng_s_e_s_n:997_cs_hi,cs_hi,0.9313725490196079
fr_eng_s_e_s_n:998_cs_fr,cs_fr,0.8181818181818182
fr_eng_s_e_s_n:998_cs_hi,cs_hi,0.972972972972973
fr_eng_s_e_s_n:999_cs_fr,cs_fr,0.7849462365591398
fr_eng_s_e_s_n:999_cs_hi,cs_hi,0.8727272727272727
fr_eng_s_e_s_n:1000_cs_fr,cs_fr,0.8240740740740741
fr_eng_s_e_s_n:1000_cs_hi,cs_hi,0.9741935483870968
